timestamp,model,modalidad,algorithm,elapsed_s,peak_ram_MB
2026-07-04T14:11:59.478818,clip,texto,BAT,62.9396,165.96
2026-07-04T14:11:59.514779,clip,texto,CSCLP,3.1073,158.5
2026-07-04T14:11:59.519799,clip,texto,Kmedoids,2.6544,151.96
2026-07-04T14:11:59.523771,clip,texto,ACO,108.133,167.0
2026-07-04T14:11:59.527800,clip,texto,PSO,7.4603,152.14
2026-07-04T14:11:59.532775,clip,texto,HCAKC,14.9462,165.86
2026-07-04T14:11:59.537777,clip,texto,KM-MILP,9.415,162.74
2026-07-04T14:11:59.541773,clip,texto,SCK1,2.1838,158.79
2026-07-04T14:14:08.654553,clip,texto,BAT,83.3297,167.26
2026-07-04T14:14:08.665999,clip,texto,CSCLP,3.4821,159.72
2026-07-04T14:14:08.669018,clip,texto,Kmedoids,2.9425,152.71
2026-07-04T14:14:08.671998,clip,texto,ACO,118.3739,169.02
2026-07-04T14:14:08.692840,clip,texto,PSO,17.4891,155.04
2026-07-04T14:14:08.695851,clip,texto,HCAKC,22.9029,166.69
2026-07-04T14:14:08.697853,clip,texto,KM-MILP,9.0599,161.68
2026-07-04T14:14:08.698857,clip,texto,SCK1,3.6341,161.72
2026-07-04T14:15:39.178895,clip,texto,BAT,42.6923,167.09
2026-07-04T14:15:39.189938,clip,texto,CSCLP,4.6803,158.64
2026-07-04T14:15:39.192929,clip,texto,Kmedoids,4.4752,152.45
2026-07-04T14:15:39.194949,clip,texto,ACO,83.8081,167.82
2026-07-04T14:15:39.196928,clip,texto,PSO,16.2201,153.42
2026-07-04T14:15:39.198927,clip,texto,HCAKC,21.9573,167.46
2026-07-04T14:15:39.200929,clip,texto,KM-MILP,6.8018,158.23
2026-07-04T14:15:39.202946,clip,texto,SCK1,3.4495,158.67
2026-07-04T14:20:21.583407,clip,texto,BAT,193.1554,173.45
2026-07-04T14:20:21.594945,clip,texto,CSCLP,50.107,163.07
2026-07-04T14:20:21.597945,clip,texto,Kmedoids,42.7879,157.82
2026-07-04T14:20:21.599946,clip,texto,ACO,276.2322,176.13
2026-07-04T14:20:21.601947,clip,texto,PSO,67.0415,158.27
2026-07-04T14:20:21.603946,clip,texto,HCAKC,106.5589,172.42
2026-07-04T14:20:21.625185,clip,texto,KM-MILP,94.7352,176.97
2026-07-04T14:20:21.627181,clip,texto,SCK1,30.1485,171.33
2026-07-04T14:25:02.118560,clip,texto,BAT,171.7444,172.93
2026-07-04T14:25:02.131605,clip,texto,CSCLP,24.3592,165.5
2026-07-04T14:25:02.134604,clip,texto,Kmedoids,22.7082,159.34
2026-07-04T14:25:02.137604,clip,texto,ACO,274.4663,176.03
2026-07-04T14:25:02.140604,clip,texto,PSO,64.8694,159.63
2026-07-04T14:25:02.142617,clip,texto,HCAKC,62.8838,173.34
2026-07-04T14:25:02.144617,clip,texto,KM-MILP,32.3308,170.65
2026-07-04T14:25:02.146604,clip,texto,SCK1,18.2212,168.02
2026-07-04T14:30:02.129683,clip,texto,BAT,199.6777,171.64
2026-07-04T14:30:02.141255,clip,texto,CSCLP,48.0959,165.01
2026-07-04T14:30:02.144212,clip,texto,Kmedoids,45.0248,160.87
2026-07-04T14:30:02.144840,clip,texto,ACO,293.9386,174.83
2026-07-04T14:30:02.144840,clip,texto,PSO,70.5444,159.72
2026-07-04T14:30:02.144840,clip,texto,HCAKC,123.3694,171.16
2026-07-04T14:30:02.144840,clip,texto,KM-MILP,82.0332,170.39
2026-07-04T14:30:02.144840,clip,texto,SCK1,26.5612,171.62
2026-07-04T14:36:15.596748,clip,texto,BAT,223.0651,174.93
2026-07-04T14:36:15.604469,clip,texto,CSCLP,25.9073,164.9
2026-07-04T14:36:15.613120,clip,texto,Kmedoids,24.9873,160.92
2026-07-04T14:36:15.615132,clip,texto,ACO,367.2401,178.97
2026-07-04T14:36:15.619155,clip,texto,PSO,86.7356,161.02
2026-07-04T14:36:15.620171,clip,texto,HCAKC,134.4671,175.58
2026-07-04T14:36:15.623972,clip,texto,KM-MILP,34.9855,171.44
2026-07-04T14:36:15.626985,clip,texto,SCK1,22.7597,168.38
2026-07-04T14:46:26.405523,clip,texto,BAT,431.8268,174.79
2026-07-04T14:46:26.418577,clip,texto,CSCLP,111.4053,169.35
2026-07-04T14:46:26.421556,clip,texto,Kmedoids,99.9833,163.76
2026-07-04T14:46:26.423571,clip,texto,ACO,604.3504,181.24
2026-07-04T14:46:26.425557,clip,texto,PSO,181.5942,164.47
2026-07-04T14:46:26.428568,clip,texto,HCAKC,340.8763,177.23
2026-07-04T14:46:26.430600,clip,texto,KM-MILP,203.3878,179.91
2026-07-04T14:46:26.432582,clip,texto,SCK1,63.7719,172.78
2026-07-04T14:56:18.233948,clip,texto,BAT,338.2283,176.22
2026-07-04T14:56:18.238792,clip,texto,CSCLP,45.3952,169.42
2026-07-04T14:56:18.238792,clip,texto,Kmedoids,44.3379,164.44
2026-07-04T14:56:18.238792,clip,texto,ACO,578.5617,184.09
2026-07-04T14:56:18.254609,clip,texto,PSO,170.2717,163.5
2026-07-04T14:56:18.254609,clip,texto,HCAKC,215.3182,177.59
2026-07-04T14:56:18.254609,clip,texto,KM-MILP,52.7508,172.0
2026-07-04T14:56:18.254609,clip,texto,SCK1,39.2145,171.37
2026-07-04T15:07:28.758239,clip,texto,BAT,463.9338,176.95
2026-07-04T15:07:28.771243,clip,texto,CSCLP,105.9261,170.43
2026-07-04T15:07:28.774245,clip,texto,Kmedoids,102.9165,166.03
2026-07-04T15:07:28.777249,clip,texto,ACO,664.1862,184.61
2026-07-04T15:07:28.779243,clip,texto,PSO,234.4884,164.05
2026-07-04T15:07:28.782247,clip,texto,HCAKC,267.913,177.48
2026-07-04T15:07:28.786250,clip,texto,KM-MILP,117.2237,177.7
2026-07-04T15:07:28.788243,clip,texto,SCK1,53.8102,173.23
2026-07-04T15:19:45.643082,clip,texto,BAT,470.1993,170.45
2026-07-04T15:19:45.685253,clip,texto,CSCLP,70.6343,167.63
2026-07-04T15:19:45.688244,clip,texto,Kmedoids,70.9527,164.18
2026-07-04T15:19:45.689856,clip,texto,ACO,731.0666,170.14
2026-07-04T15:19:45.689856,clip,texto,PSO,203.9311,162.85
2026-07-04T15:19:45.689856,clip,texto,HCAKC,295.4205,176.55
2026-07-04T15:19:45.689856,clip,texto,KM-MILP,74.716,172.58
2026-07-04T15:19:45.689856,clip,texto,SCK1,47.4754,168.81
2026-07-04T15:35:14.738292,clip,texto,BAT,619.3897,173.27
2026-07-04T15:35:14.773176,clip,texto,CSCLP,122.3666,163.45
2026-07-04T15:35:14.779508,clip,texto,Kmedoids,121.9868,163.32
2026-07-04T15:35:14.781762,clip,texto,ACO,923.324,173.04
2026-07-04T15:35:14.783763,clip,texto,PSO,278.12,163.52
2026-07-04T15:35:14.785762,clip,texto,HCAKC,366.9129,163.44
2026-07-04T15:35:14.788353,clip,texto,KM-MILP,138.7403,163.2
2026-07-04T15:35:14.792426,clip,texto,SCK1,70.874,173.28
2026-07-04T15:51:30.297015,clip,texto,BAT,608.8287,172.46
2026-07-04T15:51:30.341020,clip,texto,CSCLP,92.1065,172.43
2026-07-04T15:51:30.344020,clip,texto,Kmedoids,90.7293,166.91
2026-07-04T15:51:30.348030,clip,texto,ACO,969.2663,173.23
2026-07-04T15:51:30.351024,clip,texto,PSO,277.7463,163.68
2026-07-04T15:51:30.355027,clip,texto,HCAKC,395.373,163.02
2026-07-04T15:51:30.358021,clip,texto,KM-MILP,112.0908,175.44
2026-07-04T15:51:30.361015,clip,texto,SCK1,71.4951,173.02
2026-07-04T16:09:54.483801,clip,texto,BAT,736.5087,173.0
2026-07-04T16:09:54.518806,clip,texto,CSCLP,228.3735,162.86
2026-07-04T16:09:54.522810,clip,texto,Kmedoids,222.1936,163.33
2026-07-04T16:09:54.524815,clip,texto,ACO,1096.5772,173.09
2026-07-04T16:09:54.526821,clip,texto,PSO,292.0156,163.31
2026-07-04T16:09:54.528805,clip,texto,HCAKC,538.2731,163.35
2026-07-04T16:09:54.531808,clip,texto,KM-MILP,239.9805,163.19
2026-07-04T16:09:54.533820,clip,texto,SCK1,103.3184,163.14
2026-07-04T16:24:53.567350,clip,texto,BAT,607.7893,172.96
2026-07-04T16:24:53.605878,clip,texto,CSCLP,178.5875,163.09
2026-07-04T16:24:53.608876,clip,texto,Kmedoids,174.211,163.55
2026-07-04T16:24:53.610889,clip,texto,ACO,891.8355,173.05
2026-07-04T16:24:53.612901,clip,texto,PSO,311.1704,163.43
2026-07-04T16:24:53.614913,clip,texto,HCAKC,379.2932,163.04
2026-07-04T16:24:53.616927,clip,texto,KM-MILP,186.0371,167.26
2026-07-04T16:24:53.618941,clip,texto,SCK1,85.3832,167.43
2026-07-04T16:25:43.480624,blip,texto,BAT,24.3131,158.98
2026-07-04T16:25:43.492163,blip,texto,CSCLP,1.3369,150.58
2026-07-04T16:25:43.494165,blip,texto,Kmedoids,1.0769,146.68
2026-07-04T16:25:43.496177,blip,texto,ACO,43.7332,162.33
2026-07-04T16:25:43.498182,blip,texto,PSO,4.8287,148.15
2026-07-04T16:25:43.500150,blip,texto,HCAKC,5.2652,160.37
2026-07-04T16:25:43.502173,blip,texto,KM-MILP,4.2792,157.5
2026-07-04T16:25:43.504185,blip,texto,SCK1,0.9754,154.92
2026-07-04T16:26:56.698761,blip,texto,BAT,33.415,161.34
2026-07-04T16:26:56.709797,blip,texto,CSCLP,1.7519,151.34
2026-07-04T16:26:56.711795,blip,texto,Kmedoids,1.582,147.41
2026-07-04T16:26:56.713794,blip,texto,ACO,68.1586,163.42
2026-07-04T16:26:56.715795,blip,texto,PSO,9.5179,147.73
2026-07-04T16:26:56.717795,blip,texto,HCAKC,7.5805,161.72
2026-07-04T16:26:56.719795,blip,texto,KM-MILP,3.6725,153.19
2026-07-04T16:26:56.721797,blip,texto,SCK1,1.2397,154.47
2026-07-04T16:28:18.774416,blip,texto,BAT,34.3329,161.95
2026-07-04T16:28:18.785433,blip,texto,CSCLP,3.1826,152.86
2026-07-04T16:28:18.788431,blip,texto,Kmedoids,2.915,147.5
2026-07-04T16:28:18.790431,blip,texto,ACO,76.8686,163.51
2026-07-04T16:28:18.791435,blip,texto,PSO,10.4823,146.74
2026-07-04T16:28:18.793434,blip,texto,HCAKC,8.9321,162.01
2026-07-04T16:28:18.795436,blip,texto,KM-MILP,3.9997,152.48
2026-07-04T16:28:18.797434,blip,texto,SCK1,1.5247,154.62
2026-07-04T16:32:27.574018,blip,texto,BAT,153.6892,163.62
2026-07-04T16:32:27.585835,blip,texto,CSCLP,37.8613,156.52
2026-07-04T16:32:27.588334,blip,texto,Kmedoids,30.7377,151.45
2026-07-04T16:32:27.590343,blip,texto,ACO,243.7164,166.11
2026-07-04T16:32:27.592314,blip,texto,PSO,50.5817,151.15
2026-07-04T16:32:27.594323,blip,texto,HCAKC,62.5954,164.5
2026-07-04T16:32:27.594323,blip,texto,KM-MILP,76.1502,172.03
2026-07-04T16:32:27.594323,blip,texto,SCK1,20.5362,161.77
2026-07-04T16:36:42.114874,blip,texto,BAT,140.0481,165.74
2026-07-04T16:36:42.125884,blip,texto,CSCLP,17.2845,156.07
2026-07-04T16:36:42.127889,blip,texto,Kmedoids,16.6156,151.28
2026-07-04T16:36:42.129888,blip,texto,ACO,249.2456,167.73
2026-07-04T16:36:42.131889,blip,texto,PSO,45.0979,151.86
2026-07-04T16:36:42.133885,blip,texto,HCAKC,20.4915,164.2
2026-07-04T16:36:42.135879,blip,texto,KM-MILP,21.8411,160.23
2026-07-04T16:36:42.137891,blip,texto,SCK1,10.1319,159.83
2026-07-04T16:41:07.292331,blip,texto,BAT,157.0499,165.73
2026-07-04T16:41:07.292331,blip,texto,CSCLP,26.1411,157.93
2026-07-04T16:41:07.304978,blip,texto,Kmedoids,23.3123,152.82
2026-07-04T16:41:07.304978,blip,texto,ACO,259.8962,168.21
2026-07-04T16:41:07.304978,blip,texto,PSO,50.1931,151.6
2026-07-04T16:41:07.304978,blip,texto,HCAKC,68.4103,165.7
2026-07-04T16:41:07.304978,blip,texto,KM-MILP,61.5153,161.1
2026-07-04T16:41:07.304978,blip,texto,SCK1,16.2017,160.29
2026-07-04T16:46:41.998139,blip,texto,BAT,190.2237,165.92
2026-07-04T16:46:42.010169,blip,texto,CSCLP,14.5553,156.78
2026-07-04T16:46:42.012170,blip,texto,Kmedoids,13.6335,151.67
2026-07-04T16:46:42.015169,blip,texto,ACO,329.463,170.07
2026-07-04T16:46:42.017161,blip,texto,PSO,70.8347,151.66
2026-07-04T16:46:42.020158,blip,texto,HCAKC,75.2221,165.94
2026-07-04T16:46:42.022180,blip,texto,KM-MILP,21.3126,160.72
2026-07-04T16:46:42.024169,blip,texto,SCK1,11.8905,159.32
2026-07-04T17:00:22.826938,blip,texto,BAT,450.047,164.96
2026-07-04T17:00:22.849965,blip,texto,CSCLP,119.4114,158.19
2026-07-04T17:00:22.856969,blip,texto,Kmedoids,114.3238,153.25
2026-07-04T17:00:22.860976,blip,texto,ACO,815.6671,171.39
2026-07-04T17:00:22.866970,blip,texto,PSO,134.0824,153.31
2026-07-04T17:00:22.870967,blip,texto,HCAKC,123.9314,167.16
2026-07-04T17:00:22.875955,blip,texto,KM-MILP,147.6936,172.79
2026-07-04T17:00:22.880961,blip,texto,SCK1,32.9563,163.56
2026-07-04T17:17:17.995343,blip,texto,BAT,453.5897,165.56
2026-07-04T17:17:18.032359,blip,texto,CSCLP,32.0427,158.17
2026-07-04T17:17:18.047359,blip,texto,Kmedoids,30.2182,154.11
2026-07-04T17:17:18.052359,blip,texto,ACO,1005.7521,160.83
2026-07-04T17:17:18.056357,blip,texto,PSO,183.7273,153.52
2026-07-04T17:17:18.060385,blip,texto,HCAKC,108.5767,167.53
2026-07-04T17:17:18.071353,blip,texto,KM-MILP,44.122,160.34
2026-07-04T17:17:18.076354,blip,texto,SCK1,25.7314,161.37
2026-07-04T17:36:33.566855,blip,texto,BAT,687.8617,171.8
2026-07-04T17:36:33.600867,blip,texto,CSCLP,105.8388,162.67
2026-07-04T17:36:33.606868,blip,texto,Kmedoids,98.9249,159.11
2026-07-04T17:36:33.611864,blip,texto,ACO,1144.4109,164.98
2026-07-04T17:36:33.616885,blip,texto,PSO,247.5325,159.03
2026-07-04T17:36:33.622871,blip,texto,HCAKC,92.0737,171.18
2026-07-04T17:36:33.627873,blip,texto,KM-MILP,103.9008,170.14
2026-07-04T17:36:33.633257,blip,texto,SCK1,36.3691,167.34
2026-07-04T17:58:24.564879,blip,texto,BAT,689.5286,171.72
2026-07-04T17:58:24.626226,blip,texto,CSCLP,51.8919,163.9
2026-07-04T17:58:24.636911,blip,texto,Kmedoids,48.7123,159.33
2026-07-04T17:58:24.642519,blip,texto,ACO,1300.5118,164.89
2026-07-04T17:58:24.642519,blip,texto,PSO,230.1056,157.8
2026-07-04T17:58:24.642519,blip,texto,HCAKC,197.4938,171.36
2026-07-04T17:58:24.651640,blip,texto,KM-MILP,63.4325,168.04
2026-07-04T17:58:24.651640,blip,texto,SCK1,30.7144,165.48
2026-07-04T18:24:29.146441,blip,texto,BAT,886.2172,167.09
2026-07-04T18:24:29.188420,blip,texto,CSCLP,100.2875,156.41
2026-07-04T18:24:29.195412,blip,texto,Kmedoids,94.0205,156.41
2026-07-04T18:24:29.200424,blip,texto,ACO,1554.4486,166.85
2026-07-04T18:24:29.205402,blip,texto,PSO,291.6386,156.71
2026-07-04T18:24:29.211404,blip,texto,HCAKC,192.9458,156.27
2026-07-04T18:24:29.216412,blip,texto,KM-MILP,123.9842,156.72
2026-07-04T18:24:29.223406,blip,texto,SCK1,52.3546,157.14
2026-07-04T18:55:20.055630,blip,texto,BAT,910.569,166.88
2026-07-04T18:55:20.145633,blip,texto,CSCLP,266.6986,156.46
2026-07-04T18:55:20.151631,blip,texto,Kmedoids,256.9256,156.91
2026-07-04T18:55:20.156659,blip,texto,ACO,1838.1023,166.69
2026-07-04T18:55:20.160663,blip,texto,PSO,278.4307,157.34
2026-07-04T18:55:20.164652,blip,texto,HCAKC,318.8465,156.61
2026-07-04T18:55:20.168633,blip,texto,KM-MILP,204.6312,157.05
2026-07-04T18:55:20.173641,blip,texto,SCK1,69.6464,156.73
2026-07-04T19:26:10.538962,blip,texto,BAT,1034.6395,166.8
2026-07-04T19:26:10.661679,blip,texto,CSCLP,203.1401,156.77
2026-07-04T19:26:10.668370,blip,texto,Kmedoids,194.158,156.7
2026-07-04T19:26:10.673248,blip,texto,ACO,1825.0588,166.31
2026-07-04T19:26:10.677587,blip,texto,PSO,330.7683,156.39
2026-07-04T19:26:10.683017,blip,texto,HCAKC,297.2959,157.21
2026-07-04T19:26:10.688568,blip,texto,KM-MILP,181.0228,156.56
2026-07-04T19:26:10.693107,blip,texto,SCK1,65.464,156.61
2026-07-04T21:40:38.606814,blip,texto,BAT,489.7718,163.63
2026-07-04T21:40:38.645124,blip,texto,CSCLP,66.2518,153.32
2026-07-04T21:40:38.647125,blip,texto,Kmedoids,62.418,153.45
2026-07-04T21:40:38.647125,blip,texto,ACO,830.1479,163.09
2026-07-04T21:40:38.647125,blip,texto,PSO,209.5961,153.52
2026-07-04T21:40:38.661047,blip,texto,HCAKC,151.9235,153.97
2026-07-04T21:40:38.666038,blip,texto,KM-MILP,76.452,155.57
2026-07-04T21:40:38.668120,blip,texto,SCK1,43.124,153.66
2026-07-04T21:46:03.108269,qwen_vl,texto,BAT,58.6719,167.58
2026-07-04T21:46:03.126287,qwen_vl,texto,CSCLP,5.3194,161.36
2026-07-04T21:46:03.134287,qwen_vl,texto,Kmedoids,5.0673,153.7
2026-07-04T21:46:03.139293,qwen_vl,texto,ACO,75.6551,169.85
2026-07-04T21:46:03.145290,qwen_vl,texto,PSO,9.1427,156.15
2026-07-04T21:46:03.151288,qwen_vl,texto,HCAKC,23.2811,167.99
2026-07-04T21:46:03.155299,qwen_vl,texto,KM-MILP,8.6393,164.91
2026-07-04T21:46:03.161290,qwen_vl,texto,SCK1,4.2829,160.85
2026-07-04T21:51:48.231214,qwen_vl,texto,BAT,273.7849,171.17
2026-07-04T21:51:48.249288,qwen_vl,texto,CSCLP,8.3847,160.9
2026-07-04T21:51:48.256187,qwen_vl,texto,Kmedoids,8.0019,157.63
2026-07-04T21:51:48.263096,qwen_vl,texto,ACO,336.5547,173.84
2026-07-04T21:51:48.270188,qwen_vl,texto,PSO,21.9753,157.16
2026-07-04T21:51:48.272205,qwen_vl,texto,HCAKC,27.3635,172.61
2026-07-04T21:51:48.279203,qwen_vl,texto,KM-MILP,13.3061,165.41
2026-07-04T21:51:48.281214,qwen_vl,texto,SCK1,7.3601,165.13
2026-07-04T21:54:53.308798,qwen_vl,texto,BAT,88.001,171.6
2026-07-04T21:54:53.326938,qwen_vl,texto,CSCLP,9.4672,163.54
2026-07-04T21:54:53.334745,qwen_vl,texto,Kmedoids,8.6116,158.21
2026-07-04T21:54:53.341343,qwen_vl,texto,ACO,175.9626,172.82
2026-07-04T21:54:53.345388,qwen_vl,texto,PSO,22.6613,158.93
2026-07-04T21:54:53.349939,qwen_vl,texto,HCAKC,33.894,172.43
2026-07-04T21:54:53.349939,qwen_vl,texto,KM-MILP,13.6315,163.27
2026-07-04T21:54:53.360230,qwen_vl,texto,SCK1,8.6612,164.06
2026-07-04T22:04:25.939584,qwen_vl,texto,BAT,497.0466,187.03
2026-07-04T22:04:25.959762,qwen_vl,texto,CSCLP,99.128,179.64
2026-07-04T22:04:25.966763,qwen_vl,texto,Kmedoids,83.6221,173.91
2026-07-04T22:04:25.972766,qwen_vl,texto,ACO,563.4597,190.45
2026-07-04T22:04:25.976783,qwen_vl,texto,PSO,115.1304,173.81
2026-07-04T22:04:25.982764,qwen_vl,texto,HCAKC,318.9801,187.97
2026-07-04T22:04:25.987763,qwen_vl,texto,KM-MILP,198.4451,188.91
2026-07-04T22:04:25.992763,qwen_vl,texto,SCK1,73.52,184.57
2026-07-04T22:14:10.701301,qwen_vl,texto,BAT,412.4148,191.19
2026-07-04T22:14:10.738798,qwen_vl,texto,CSCLP,63.6039,180.96
2026-07-04T22:14:10.745792,qwen_vl,texto,Kmedoids,59.6673,176.16
2026-07-04T22:14:10.753796,qwen_vl,texto,ACO,575.9617,192.34
2026-07-04T22:14:10.760793,qwen_vl,texto,PSO,116.1645,176.16
2026-07-04T22:14:10.766803,qwen_vl,texto,HCAKC,185.3772,189.91
2026-07-04T22:14:10.772797,qwen_vl,texto,KM-MILP,78.2014,186.38
2026-07-04T22:14:10.780795,qwen_vl,texto,SCK1,49.7843,184.59
2026-07-04T22:24:21.457404,qwen_vl,texto,BAT,488.3137,188.19
2026-07-04T22:24:21.484422,qwen_vl,texto,CSCLP,117.4834,184.19
2026-07-04T22:24:21.493421,qwen_vl,texto,Kmedoids,109.1771,176.66
2026-07-04T22:24:21.502422,qwen_vl,texto,ACO,600.7078,192.14
2026-07-04T22:24:21.508427,qwen_vl,texto,PSO,133.4951,176.81
2026-07-04T22:24:21.512422,qwen_vl,texto,HCAKC,283.1028,189.82
2026-07-04T22:24:21.517426,qwen_vl,texto,KM-MILP,178.0982,192.7
2026-07-04T22:24:21.523424,qwen_vl,texto,SCK1,68.416,183.57
2026-07-04T22:36:21.364623,qwen_vl,texto,BAT,477.2063,195.57
2026-07-04T22:36:21.387638,qwen_vl,texto,CSCLP,89.3993,186.3
2026-07-04T22:36:21.392647,qwen_vl,texto,Kmedoids,89.0653,181.18
2026-07-04T22:36:21.397399,qwen_vl,texto,ACO,710.2979,199.3
2026-07-04T22:36:21.403008,qwen_vl,texto,PSO,163.9188,180.89
2026-07-04T22:36:21.408010,qwen_vl,texto,HCAKC,220.8336,194.87
2026-07-04T22:36:21.414007,qwen_vl,texto,KM-MILP,94.8133,191.11
2026-07-04T22:36:21.420005,qwen_vl,texto,SCK1,65.1482,190.2
2026-07-04T23:14:36.715934,qwen_vl,texto,BAT,2165.2522,196.2
2026-07-04T23:14:36.736499,qwen_vl,texto,CSCLP,276.9503,194.54
2026-07-04T23:14:36.741517,qwen_vl,texto,Kmedoids,262.5341,188.94
2026-07-04T23:14:36.745683,qwen_vl,texto,ACO,2286.2835,196.33
2026-07-04T23:14:36.750131,qwen_vl,texto,PSO,259.7618,189.92
2026-07-04T23:14:36.775380,qwen_vl,texto,HCAKC,1868.6734,186.26
2026-07-04T23:14:36.779361,qwen_vl,texto,KM-MILP,1693.5557,208.08
2026-07-04T23:14:36.783386,qwen_vl,texto,SCK1,122.4142,197.95
2026-07-04T23:26:05.086965,qwen_vl,texto,BAT,478.6202,197.94
2026-07-04T23:26:05.114977,qwen_vl,texto,CSCLP,131.2483,197.08
2026-07-04T23:26:05.118977,qwen_vl,texto,Kmedoids,130.4235,191.46
2026-07-04T23:26:05.121975,qwen_vl,texto,ACO,681.7285,198.12
2026-07-04T23:26:05.124975,qwen_vl,texto,PSO,248.3932,191.07
2026-07-04T23:26:05.127981,qwen_vl,texto,HCAKC,417.7146,188.1
2026-07-04T23:26:05.129990,qwen_vl,texto,KM-MILP,130.1032,202.83
2026-07-04T23:26:05.132978,qwen_vl,texto,SCK1,109.1216,199.78
2026-07-04T23:38:25.501186,qwen_vl,texto,BAT,580.3591,200.13
2026-07-04T23:38:25.515698,qwen_vl,texto,CSCLP,174.2208,199.77
2026-07-04T23:38:25.520229,qwen_vl,texto,Kmedoids,170.8051,194.98
2026-07-04T23:38:25.522773,qwen_vl,texto,ACO,734.0656,200.08
2026-07-04T23:38:25.525820,qwen_vl,texto,PSO,307.5433,194.27
2026-07-04T23:38:25.528872,qwen_vl,texto,HCAKC,322.3026,190.41
2026-07-04T23:38:25.530463,qwen_vl,texto,KM-MILP,200.8388,204.39
2026-07-04T23:38:25.532478,qwen_vl,texto,SCK1,132.4323,200.33
2026-07-04T23:52:28.696364,qwen_vl,texto,BAT,607.4947,209.33
2026-07-04T23:52:28.714379,qwen_vl,texto,CSCLP,133.2291,201.0
2026-07-04T23:52:28.719375,qwen_vl,texto,Kmedoids,130.5816,196.38
2026-07-04T23:52:28.722375,qwen_vl,texto,ACO,837.5421,203.52
2026-07-04T23:52:28.725383,qwen_vl,texto,PSO,292.2324,195.13
2026-07-04T23:52:28.728376,qwen_vl,texto,HCAKC,436.9138,193.49
2026-07-04T23:52:28.731375,qwen_vl,texto,KM-MILP,143.0009,204.89
2026-07-04T23:52:28.734382,qwen_vl,texto,SCK1,116.4876,201.24
2026-07-05T00:10:03.980888,qwen_vl,texto,BAT,785.3047,211.93
2026-07-05T00:10:04.000192,qwen_vl,texto,CSCLP,206.2175,202.08
2026-07-05T00:10:04.015751,qwen_vl,texto,Kmedoids,205.1253,202.0
2026-07-05T00:10:04.017769,qwen_vl,texto,ACO,1048.8149,227.73
2026-07-05T00:10:04.021800,qwen_vl,texto,PSO,392.6792,201.9
2026-07-05T00:10:04.023817,qwen_vl,texto,HCAKC,423.4339,202.41
2026-07-05T00:10:04.025831,qwen_vl,texto,KM-MILP,261.3887,202.25
2026-07-05T00:10:04.027846,qwen_vl,texto,SCK1,180.2544,202.2
2026-07-05T00:29:06.804184,qwen_vl,texto,BAT,864.5866,212.02
2026-07-05T00:29:06.880709,qwen_vl,texto,CSCLP,294.044,201.82
2026-07-05T00:29:06.883711,qwen_vl,texto,Kmedoids,290.0736,201.99
2026-07-05T00:29:06.887712,qwen_vl,texto,ACO,1135.7882,212.09
2026-07-05T00:29:06.889711,qwen_vl,texto,PSO,464.6779,202.27
2026-07-05T00:29:06.892714,qwen_vl,texto,HCAKC,566.7634,202.04
2026-07-05T00:29:06.896711,qwen_vl,texto,KM-MILP,274.8394,201.88
2026-07-05T00:29:06.898713,qwen_vl,texto,SCK1,183.8707,214.39
2026-07-05T00:58:01.022889,qwen_vl,texto,BAT,1107.7044,212.69
2026-07-05T00:58:01.107628,qwen_vl,texto,CSCLP,472.2298,202.02
2026-07-05T00:58:01.115444,qwen_vl,texto,Kmedoids,455.4148,202.22
2026-07-05T00:58:01.119905,qwen_vl,texto,ACO,1726.6738,211.84
2026-07-05T00:58:01.125399,qwen_vl,texto,PSO,479.2073,202.17
2026-07-05T00:58:01.129275,qwen_vl,texto,HCAKC,613.1488,202.64
2026-07-05T00:58:01.129275,qwen_vl,texto,KM-MILP,398.6606,202.41
2026-07-05T00:58:01.139244,qwen_vl,texto,SCK1,229.0459,202.68
2026-07-05T01:25:37.539172,qwen_vl,texto,BAT,1218.122,212.06
2026-07-05T01:25:37.627081,qwen_vl,texto,CSCLP,254.3646,202.32
2026-07-05T01:25:37.633087,qwen_vl,texto,Kmedoids,252.0327,202.23
2026-07-05T01:25:37.638084,qwen_vl,texto,ACO,1644.7368,212.1
2026-07-05T01:25:37.642086,qwen_vl,texto,PSO,413.5076,202.61
2026-07-05T01:25:37.647081,qwen_vl,texto,HCAKC,983.6911,202.24
2026-07-05T01:25:37.651087,qwen_vl,texto,KM-MILP,295.1324,202.09
2026-07-05T01:25:37.655085,qwen_vl,texto,SCK1,196.848,202.1
2026-07-05T01:27:25.891242,internvl,texto,BAT,64.412,163.73
2026-07-05T01:27:25.910189,internvl,texto,CSCLP,3.8317,156.17
2026-07-05T01:27:25.914226,internvl,texto,Kmedoids,3.3083,150.51
2026-07-05T01:27:25.920294,internvl,texto,ACO,98.0636,166.05
2026-07-05T01:27:25.924078,internvl,texto,PSO,8.0391,152.39
2026-07-05T01:27:25.929676,internvl,texto,HCAKC,18.2791,165.58
2026-07-05T01:27:25.933745,internvl,texto,KM-MILP,10.1309,160.77
2026-07-05T01:27:25.937787,internvl,texto,SCK1,3.2187,158.74
2026-07-05T01:30:03.130923,internvl,texto,BAT,84.9605,165.69
2026-07-05T01:30:03.148446,internvl,texto,CSCLP,4.3789,158.9
2026-07-05T01:30:03.154481,internvl,texto,Kmedoids,3.5429,152.72
2026-07-05T01:30:03.159464,internvl,texto,ACO,148.812,169.3
2026-07-05T01:30:03.164444,internvl,texto,PSO,17.563,154.19
2026-07-05T01:30:03.168446,internvl,texto,HCAKC,26.1265,166.68
2026-07-05T01:30:03.173469,internvl,texto,KM-MILP,9.9581,160.61
2026-07-05T01:30:03.178446,internvl,texto,SCK1,4.6455,159.73
2026-07-05T01:32:50.828456,internvl,texto,BAT,71.3063,165.5
2026-07-05T01:32:50.847489,internvl,texto,CSCLP,6.3313,158.84
2026-07-05T01:32:50.853038,internvl,texto,Kmedoids,5.9139,152.6
2026-07-05T01:32:50.857760,internvl,texto,ACO,159.3512,167.64
2026-07-05T01:32:50.863389,internvl,texto,PSO,18.2694,153.29
2026-07-05T01:32:50.867427,internvl,texto,HCAKC,20.1007,167.39
2026-07-05T01:32:50.872383,internvl,texto,KM-MILP,7.5064,161.53
2026-07-05T01:32:50.876381,internvl,texto,SCK1,4.9642,158.81
2026-07-05T01:41:13.451223,internvl,texto,BAT,367.731,174.65
2026-07-05T01:41:13.463940,internvl,texto,CSCLP,63.8175,168.05
2026-07-05T01:41:13.476303,internvl,texto,Kmedoids,46.1512,162.59
2026-07-05T01:41:13.481830,internvl,texto,ACO,494.0054,178.91
2026-07-05T01:41:13.487871,internvl,texto,PSO,78.4505,162.02
2026-07-05T01:41:13.487871,internvl,texto,HCAKC,201.8741,173.99
2026-07-05T01:41:13.495388,internvl,texto,KM-MILP,169.5058,182.56
2026-07-05T01:41:13.501381,internvl,texto,SCK1,44.1865,175.7
2026-07-05T01:49:52.673109,internvl,texto,BAT,321.0267,177.73
2026-07-05T01:49:52.692131,internvl,texto,CSCLP,40.4499,169.04
2026-07-05T01:49:52.699125,internvl,texto,Kmedoids,37.7856,164.71
2026-07-05T01:49:52.704129,internvl,texto,ACO,510.83,179.54
2026-07-05T01:49:52.710126,internvl,texto,PSO,91.6422,163.73
2026-07-05T01:49:52.715127,internvl,texto,HCAKC,117.4569,177.26
2026-07-05T01:49:52.720129,internvl,texto,KM-MILP,55.2037,173.18
2026-07-05T01:49:52.724130,internvl,texto,SCK1,29.7178,170.62
2026-07-05T01:58:45.271580,internvl,texto,BAT,369.3425,175.99
2026-07-05T01:58:45.279659,internvl,texto,CSCLP,60.7365,169.3
2026-07-05T01:58:45.295824,internvl,texto,Kmedoids,52.0964,165.35
2026-07-05T01:58:45.298893,internvl,texto,ACO,524.1165,181.74
2026-07-05T01:58:45.298893,internvl,texto,PSO,81.737,164.8
2026-07-05T01:58:45.298893,internvl,texto,HCAKC,169.262,177.86
2026-07-05T01:58:45.311814,internvl,texto,KM-MILP,145.5662,184.46
2026-07-05T01:58:45.311814,internvl,texto,SCK1,39.1635,173.51
2026-07-05T02:09:51.905725,internvl,texto,BAT,407.4759,180.32
2026-07-05T02:09:51.923799,internvl,texto,CSCLP,53.2292,170.98
2026-07-05T02:09:51.929799,internvl,texto,Kmedoids,51.7208,167.15
2026-07-05T02:09:51.934795,internvl,texto,ACO,657.8089,183.85
2026-07-05T02:09:51.938800,internvl,texto,PSO,127.9572,166.15
2026-07-05T02:09:51.942797,internvl,texto,HCAKC,177.4342,181.28
2026-07-05T02:09:51.947795,internvl,texto,KM-MILP,61.5743,176.69
2026-07-05T02:09:51.951794,internvl,texto,SCK1,37.0287,172.71
2026-07-05T02:25:25.860999,internvl,texto,BAT,655.2457,182.88
2026-07-05T02:25:25.878019,internvl,texto,CSCLP,135.8952,177.17
2026-07-05T02:25:25.885016,internvl,texto,Kmedoids,124.2426,171.89
2026-07-05T02:25:25.890018,internvl,texto,ACO,925.172,188.98
2026-07-05T02:25:25.894023,internvl,texto,PSO,183.5137,172.26
2026-07-05T02:25:25.900018,internvl,texto,HCAKC,395.8469,185.54
2026-07-05T02:25:25.904458,internvl,texto,KM-MILP,287.7477,187.0
2026-07-05T02:25:25.907654,internvl,texto,SCK1,76.7137,179.45
2026-07-05T02:41:34.983199,internvl,texto,BAT,514.1498,184.78
2026-07-05T02:41:35.002226,internvl,texto,CSCLP,69.1254,178.06
2026-07-05T02:41:35.008223,internvl,texto,Kmedoids,71.7075,173.41
2026-07-05T02:41:35.012251,internvl,texto,ACO,960.4854,191.33
2026-07-05T02:41:35.017238,internvl,texto,PSO,224.4225,172.29
2026-07-05T02:41:35.022238,internvl,texto,HCAKC,261.0674,186.23
2026-07-05T02:41:35.027216,internvl,texto,KM-MILP,81.3065,182.5
2026-07-05T02:41:35.031215,internvl,texto,SCK1,61.7652,179.4
2026-07-05T03:00:25.607092,internvl,texto,BAT,762.1474,186.71
2026-07-05T03:00:25.621288,internvl,texto,CSCLP,155.2936,179.62
2026-07-05T03:00:25.628103,internvl,texto,Kmedoids,144.1442,175.33
2026-07-05T03:00:25.628103,internvl,texto,ACO,1121.8628,193.0
2026-07-05T03:00:25.636934,internvl,texto,PSO,297.3464,174.9
2026-07-05T03:00:25.636934,internvl,texto,HCAKC,207.7566,189.42
2026-07-05T03:00:25.649725,internvl,texto,KM-MILP,142.688,185.66
2026-07-05T03:00:25.652787,internvl,texto,SCK1,77.3852,183.61
2026-07-05T03:25:14.473065,internvl,texto,BAT,885.6269,187.59
2026-07-05T03:25:14.495091,internvl,texto,CSCLP,85.1593,180.69
2026-07-05T03:25:14.502082,internvl,texto,Kmedoids,85.7789,176.27
2026-07-05T03:25:14.506282,internvl,texto,ACO,1481.1966,195.36
2026-07-05T03:25:14.511097,internvl,texto,PSO,274.3275,174.08
2026-07-05T03:25:14.515732,internvl,texto,HCAKC,553.6211,190.76
2026-07-05T03:25:14.520679,internvl,texto,KM-MILP,107.6914,185.01
2026-07-05T03:25:14.525679,internvl,texto,SCK1,73.8535,180.88
2026-07-05T03:56:28.929714,internvl,texto,BAT,1178.5327,192.91
2026-07-05T03:56:28.982965,internvl,texto,CSCLP,163.2513,177.49
2026-07-05T03:56:28.989966,internvl,texto,Kmedoids,157.5013,177.65
2026-07-05T03:56:28.995968,internvl,texto,ACO,1863.3048,203.77
2026-07-05T03:56:29.001966,internvl,texto,PSO,383.8671,177.78
2026-07-05T03:56:29.007971,internvl,texto,HCAKC,513.9021,194.85
2026-07-05T03:56:29.012935,internvl,texto,KM-MILP,204.0,193.14
2026-07-05T03:56:29.018935,internvl,texto,SCK1,114.9129,187.07
2026-07-05T04:13:54.563294,internvl,texto,BAT,750.1323,187.73
2026-07-05T04:13:54.597868,internvl,texto,CSCLP,177.4874,177.55
2026-07-05T04:13:54.600876,internvl,texto,Kmedoids,168.438,177.5
2026-07-05T04:13:54.603868,internvl,texto,ACO,1032.76,187.58
2026-07-05T04:13:54.605870,internvl,texto,PSO,388.5624,177.64
2026-07-05T04:13:54.608863,internvl,texto,HCAKC,542.1424,177.94
2026-07-05T04:13:54.610860,internvl,texto,KM-MILP,177.2036,177.55
2026-07-05T04:13:54.613867,internvl,texto,SCK1,110.8182,187.55
2026-07-05T04:31:08.838973,internvl,texto,BAT,705.9949,187.59
2026-07-05T04:31:08.865966,internvl,texto,CSCLP,380.8264,177.76
2026-07-05T04:31:08.868954,internvl,texto,Kmedoids,376.1113,180.48
2026-07-05T04:31:08.870954,internvl,texto,ACO,1028.3037,187.58
2026-07-05T04:31:08.872957,internvl,texto,PSO,336.8499,177.74
2026-07-05T04:31:08.874955,internvl,texto,HCAKC,440.7298,177.76
2026-07-05T04:31:08.877963,internvl,texto,KM-MILP,263.8596,177.84
2026-07-05T04:31:08.879965,internvl,texto,SCK1,131.2233,185.82
2026-07-05T04:46:41.690236,internvl,texto,BAT,658.2795,193.38
2026-07-05T04:46:41.700265,internvl,texto,CSCLP,203.1266,187.45
2026-07-05T04:46:41.703284,internvl,texto,Kmedoids,196.4951,181.45
2026-07-05T04:46:41.705277,internvl,texto,ACO,927.3624,202.86
2026-07-05T04:46:41.708266,internvl,texto,PSO,315.9451,181.35
2026-07-05T04:46:41.710258,internvl,texto,HCAKC,496.2184,195.21
2026-07-05T04:46:41.712269,internvl,texto,KM-MILP,210.1685,194.23
2026-07-05T04:46:41.714266,internvl,texto,SCK1,111.2696,188.51
2026-07-05T06:03:15.944932,clip,imagen,BAT,7.0547,158.14
2026-07-05T06:03:15.945972,clip,imagen,CSCLP,0.8112,150.9
2026-07-05T06:03:15.945972,clip,imagen,Kmedoids,0.7337,146.81
2026-07-05T06:03:15.961737,clip,imagen,ACO,11.2345,158.89
2026-07-05T06:03:15.961737,clip,imagen,PSO,0.7336,147.47
2026-07-05T06:03:15.961737,clip,imagen,HCAKC,3.0327,160.25
2026-07-05T06:03:15.961737,clip,imagen,KM-MILP,2.4375,154.58
2026-07-05T06:03:15.961737,clip,imagen,SCK1,0.5025,153.6
2026-07-05T06:04:16.430261,clip,imagen,BAT,30.2704,162.28
2026-07-05T06:04:16.431288,clip,imagen,CSCLP,2.9414,154.91
2026-07-05T06:04:16.431288,clip,imagen,Kmedoids,2.5928,148.75
2026-07-05T06:04:16.431288,clip,imagen,ACO,55.5019,164.6
2026-07-05T06:04:16.463124,clip,imagen,PSO,7.883,149.89
2026-07-05T06:04:16.463124,clip,imagen,HCAKC,11.385,162.81
2026-07-05T06:04:16.463124,clip,imagen,KM-MILP,5.4469,157.4
2026-07-05T06:04:16.463124,clip,imagen,SCK1,1.9463,156.8
2026-07-05T06:05:15.307744,clip,imagen,BAT,26.4638,161.32
2026-07-05T06:05:15.319282,clip,imagen,CSCLP,1.6888,153.98
2026-07-05T06:05:15.322278,clip,imagen,Kmedoids,1.5786,149.01
2026-07-05T06:05:15.324282,clip,imagen,ACO,53.9073,163.82
2026-07-05T06:05:15.327264,clip,imagen,PSO,6.9288,150.43
2026-07-05T06:05:15.329261,clip,imagen,HCAKC,4.2212,162.64
2026-07-05T06:05:15.331221,clip,imagen,KM-MILP,3.0806,157.66
2026-07-05T06:05:15.333920,clip,imagen,SCK1,1.4016,153.33
2026-07-05T06:06:21.599005,clip,imagen,BAT,31.9705,163.28
2026-07-05T06:06:21.610588,clip,imagen,CSCLP,4.3963,152.73
2026-07-05T06:06:21.610588,clip,imagen,Kmedoids,3.9011,148.94
2026-07-05T06:06:21.610588,clip,imagen,ACO,61.2861,164.66
2026-07-05T06:06:21.610588,clip,imagen,PSO,8.9892,150.05
2026-07-05T06:06:21.610588,clip,imagen,HCAKC,12.6552,163.14
2026-07-05T06:06:21.610588,clip,imagen,KM-MILP,6.2006,159.43
2026-07-05T06:06:21.610588,clip,imagen,SCK1,2.4178,157.24
2026-07-05T06:07:40.354649,clip,imagen,BAT,47.5182,164.0
2026-07-05T06:07:40.365167,clip,imagen,CSCLP,3.3751,154.89
2026-07-05T06:07:40.368169,clip,imagen,Kmedoids,3.0519,149.59
2026-07-05T06:07:40.371164,clip,imagen,ACO,73.8127,165.85
2026-07-05T06:07:40.373167,clip,imagen,PSO,14.3039,149.49
2026-07-05T06:07:40.375168,clip,imagen,HCAKC,9.1218,163.69
2026-07-05T06:07:40.378166,clip,imagen,KM-MILP,5.6468,158.14
2026-07-05T06:07:40.380164,clip,imagen,SCK1,2.6687,157.23
2026-07-05T06:09:24.834493,clip,imagen,BAT,72.8966,163.44
2026-07-05T06:09:24.845519,clip,imagen,CSCLP,24.2502,156.55
2026-07-05T06:09:24.848508,clip,imagen,Kmedoids,22.6618,151.94
2026-07-05T06:09:24.851517,clip,imagen,ACO,99.1916,164.01
2026-07-05T06:09:24.853530,clip,imagen,PSO,19.2599,151.39
2026-07-05T06:09:24.855505,clip,imagen,HCAKC,26.054,165.77
2026-07-05T06:09:24.858511,clip,imagen,KM-MILP,36.6281,167.62
2026-07-05T06:09:24.860517,clip,imagen,SCK1,8.6281,162.11
2026-07-05T06:11:59.614657,clip,imagen,BAT,87.4693,167.23
2026-07-05T06:11:59.624690,clip,imagen,CSCLP,15.4999,157.14
2026-07-05T06:11:59.627666,clip,imagen,Kmedoids,14.7389,152.93
2026-07-05T06:11:59.629688,clip,imagen,ACO,149.7143,169.11
2026-07-05T06:11:59.632679,clip,imagen,PSO,31.676,153.47
2026-07-05T06:11:59.634668,clip,imagen,HCAKC,33.5655,166.27
2026-07-05T06:11:59.636680,clip,imagen,KM-MILP,16.1907,160.89
2026-07-05T06:11:59.638669,clip,imagen,SCK1,7.6935,160.28
2026-07-05T06:16:22.829946,clip,imagen,BAT,144.7047,169.66
2026-07-05T06:16:22.840983,clip,imagen,CSCLP,31.1523,161.25
2026-07-05T06:16:22.843973,clip,imagen,Kmedoids,29.4198,156.6
2026-07-05T06:16:22.846972,clip,imagen,ACO,258.0905,173.12
2026-07-05T06:16:22.849966,clip,imagen,PSO,55.4279,155.75
2026-07-05T06:16:22.851957,clip,imagen,HCAKC,39.4587,169.41
2026-07-05T06:16:22.854952,clip,imagen,KM-MILP,34.0029,166.81
2026-07-05T06:16:22.856959,clip,imagen,SCK1,18.2658,161.86
2026-07-05T06:24:14.820816,clip,imagen,BAT,289.5565,173.99
2026-07-05T06:24:14.833324,clip,imagen,CSCLP,50.2896,167.9
2026-07-05T06:24:14.836324,clip,imagen,Kmedoids,49.5621,162.32
2026-07-05T06:24:14.839324,clip,imagen,ACO,466.6999,179.48
2026-07-05T06:24:14.841324,clip,imagen,PSO,124.9826,160.4
2026-07-05T06:24:14.844325,clip,imagen,HCAKC,135.1776,174.74
2026-07-05T06:24:14.846332,clip,imagen,KM-MILP,63.7287,172.5
2026-07-05T06:24:14.848331,clip,imagen,SCK1,35.6833,167.27
2026-07-05T06:33:49.184371,clip,imagen,BAT,402.3963,174.33
2026-07-05T06:33:49.197380,clip,imagen,CSCLP,201.5451,168.13
2026-07-05T06:33:49.200380,clip,imagen,Kmedoids,188.5593,162.46
2026-07-05T06:33:49.203383,clip,imagen,ACO,569.3269,179.43
2026-07-05T06:33:49.205380,clip,imagen,PSO,102.272,160.85
2026-07-05T06:33:49.207379,clip,imagen,HCAKC,231.9002,176.37
2026-07-05T06:33:49.209389,clip,imagen,KM-MILP,262.4272,191.38
2026-07-05T06:33:49.212390,clip,imagen,SCK1,74.8349,169.45
2026-07-05T06:43:45.388797,clip,imagen,BAT,383.7214,174.47
2026-07-05T06:43:45.399821,clip,imagen,CSCLP,95.2921,168.57
2026-07-05T06:43:45.402819,clip,imagen,Kmedoids,92.5015,164.05
2026-07-05T06:43:45.405834,clip,imagen,ACO,591.2286,184.17
2026-07-05T06:43:45.408808,clip,imagen,PSO,182.3109,162.9
2026-07-05T06:43:45.410459,clip,imagen,HCAKC,189.359,176.75
2026-07-05T06:43:45.412036,clip,imagen,KM-MILP,112.3147,176.38
2026-07-05T06:43:45.415162,clip,imagen,SCK1,49.4106,171.2
2026-07-05T06:55:42.616534,clip,imagen,BAT,472.1025,177.29
2026-07-05T06:55:42.628572,clip,imagen,CSCLP,117.7153,170.91
2026-07-05T06:55:42.631548,clip,imagen,Kmedoids,109.4791,165.0
2026-07-05T06:55:42.634552,clip,imagen,ACO,712.148,185.44
2026-07-05T06:55:42.637556,clip,imagen,PSO,204.7126,163.73
2026-07-05T06:55:42.640546,clip,imagen,HCAKC,211.5247,178.45
2026-07-05T06:55:42.643542,clip,imagen,KM-MILP,127.6513,177.71
2026-07-05T06:55:42.645554,clip,imagen,SCK1,57.2195,171.26
2026-07-05T07:08:23.596565,clip,imagen,BAT,480.1879,178.11
2026-07-05T07:08:23.603391,clip,imagen,CSCLP,183.0072,171.05
2026-07-05T07:08:23.603391,clip,imagen,Kmedoids,178.9472,166.0
2026-07-05T07:08:23.603391,clip,imagen,ACO,749.4948,184.89
2026-07-05T07:08:23.603391,clip,imagen,PSO,218.8846,164.67
2026-07-05T07:08:23.619310,clip,imagen,HCAKC,180.5154,179.52
2026-07-05T07:08:23.619310,clip,imagen,KM-MILP,135.1242,175.69
2026-07-05T07:08:23.619310,clip,imagen,SCK1,61.5639,171.31
2026-07-05T07:22:54.936326,clip,imagen,BAT,597.9242,178.77
2026-07-05T07:22:54.948153,clip,imagen,CSCLP,214.2526,172.48
2026-07-05T07:22:54.952176,clip,imagen,Kmedoids,202.6569,165.54
2026-07-05T07:22:54.953930,clip,imagen,ACO,865.9556,187.42
2026-07-05T07:22:54.957966,clip,imagen,PSO,260.6577,164.66
2026-07-05T07:22:54.959980,clip,imagen,HCAKC,368.1545,179.26
2026-07-05T07:22:54.964005,clip,imagen,KM-MILP,279.5812,182.16
2026-07-05T07:22:54.966015,clip,imagen,SCK1,81.2559,173.93
2026-07-05T07:36:55.675114,clip,imagen,BAT,536.8009,179.19
2026-07-05T07:36:55.687149,clip,imagen,CSCLP,200.2436,170.6
2026-07-05T07:36:55.690125,clip,imagen,Kmedoids,190.8056,166.88
2026-07-05T07:36:55.693123,clip,imagen,ACO,835.4252,188.05
2026-07-05T07:36:55.695123,clip,imagen,PSO,254.8027,165.64
2026-07-05T07:36:55.698132,clip,imagen,HCAKC,195.5783,179.06
2026-07-05T07:36:55.701138,clip,imagen,KM-MILP,164.6236,180.6
2026-07-05T07:36:55.703146,clip,imagen,SCK1,72.322,171.48
2026-07-05T07:50:42.793383,clip,imagen,BAT,524.1081,177.77
2026-07-05T07:50:42.806425,clip,imagen,CSCLP,172.2923,169.13
2026-07-05T07:50:42.809398,clip,imagen,Kmedoids,172.457,165.67
2026-07-05T07:50:42.811397,clip,imagen,ACO,821.726,186.42
2026-07-05T07:50:42.814397,clip,imagen,PSO,248.2099,164.56
2026-07-05T07:50:42.816405,clip,imagen,HCAKC,210.4498,179.23
2026-07-05T07:50:42.818408,clip,imagen,KM-MILP,165.6934,177.11
2026-07-05T07:50:42.821400,clip,imagen,SCK1,72.8106,173.55
2026-07-05T08:04:45.077041,clip,imagen,BAT,542.1444,179.36
2026-07-05T08:04:45.084370,clip,imagen,CSCLP,170.9485,172.28
2026-07-05T08:04:45.091064,clip,imagen,Kmedoids,161.2,167.77
2026-07-05T08:04:45.091064,clip,imagen,ACO,836.339,188.07
2026-07-05T08:04:45.091064,clip,imagen,PSO,263.764,165.78
2026-07-05T08:04:45.091064,clip,imagen,HCAKC,260.2877,179.11
2026-07-05T08:04:45.100327,clip,imagen,KM-MILP,164.0803,182.94
2026-07-05T08:04:45.100327,clip,imagen,SCK1,74.2729,174.36
2026-07-05T08:05:01.709411,blip,imagen,BAT,5.7798,159.62
2026-07-05T08:05:01.709411,blip,imagen,CSCLP,0.8739,149.51
2026-07-05T08:05:01.709411,blip,imagen,Kmedoids,0.77,147.55
2026-07-05T08:05:01.722168,blip,imagen,ACO,11.4657,159.84
2026-07-05T08:05:01.722168,blip,imagen,PSO,0.695,145.82
2026-07-05T08:05:01.722168,blip,imagen,HCAKC,2.3344,157.73
2026-07-05T08:05:01.722168,blip,imagen,KM-MILP,2.6215,154.33
2026-07-05T08:05:01.722168,blip,imagen,SCK1,0.578,153.61
2026-07-05T08:05:58.458493,blip,imagen,BAT,23.4563,159.55
2026-07-05T08:05:58.460265,blip,imagen,CSCLP,1.6307,153.57
2026-07-05T08:05:58.472539,blip,imagen,Kmedoids,1.3822,147.15
2026-07-05T08:05:58.474553,blip,imagen,ACO,51.8824,162.56
2026-07-05T08:05:58.476307,blip,imagen,PSO,5.0348,146.81
2026-07-05T08:05:58.478318,blip,imagen,HCAKC,4.9729,160.83
2026-07-05T08:05:58.480333,blip,imagen,KM-MILP,3.7069,155.7
2026-07-05T08:05:58.482344,blip,imagen,SCK1,1.0036,153.79
2026-07-05T08:06:55.960858,blip,imagen,BAT,22.5792,160.73
2026-07-05T08:06:55.969261,blip,imagen,CSCLP,0.8975,152.76
2026-07-05T08:06:55.974957,blip,imagen,Kmedoids,0.7208,146.87
2026-07-05T08:06:55.977023,blip,imagen,ACO,52.5685,161.92
2026-07-05T08:06:55.980185,blip,imagen,PSO,5.6179,146.93
2026-07-05T08:06:55.981725,blip,imagen,HCAKC,2.9423,160.65
2026-07-05T08:06:55.984835,blip,imagen,KM-MILP,2.2551,152.12
2026-07-05T08:06:55.984835,blip,imagen,SCK1,0.8141,152.99
2026-07-05T08:07:59.927194,blip,imagen,BAT,28.0995,160.54
2026-07-05T08:07:59.939207,blip,imagen,CSCLP,2.7968,153.39
2026-07-05T08:07:59.942208,blip,imagen,Kmedoids,2.7375,147.45
2026-07-05T08:07:59.944210,blip,imagen,ACO,59.0498,163.36
2026-07-05T08:07:59.947209,blip,imagen,PSO,6.5595,149.3
2026-07-05T08:07:59.949211,blip,imagen,HCAKC,5.2026,162.19
2026-07-05T08:07:59.951207,blip,imagen,KM-MILP,4.6997,153.37
2026-07-05T08:07:59.954208,blip,imagen,SCK1,1.4225,155.49
2026-07-05T08:09:16.238377,blip,imagen,BAT,41.3929,160.56
2026-07-05T08:09:16.249391,blip,imagen,CSCLP,3.0169,152.32
2026-07-05T08:09:16.252392,blip,imagen,Kmedoids,2.7375,147.33
2026-07-05T08:09:16.255391,blip,imagen,ACO,71.3581,163.38
2026-07-05T08:09:16.257389,blip,imagen,PSO,12.1363,147.65
2026-07-05T08:09:16.260391,blip,imagen,HCAKC,6.2083,161.75
2026-07-05T08:09:16.262397,blip,imagen,KM-MILP,4.4318,156.39
2026-07-05T08:09:16.264391,blip,imagen,SCK1,1.2432,153.96
2026-07-05T08:10:55.007066,blip,imagen,BAT,63.3369,160.3
2026-07-05T08:10:55.007066,blip,imagen,CSCLP,22.463,154.51
2026-07-05T08:10:55.020658,blip,imagen,Kmedoids,20.7295,149.51
2026-07-05T08:10:55.020658,blip,imagen,ACO,93.7477,162.0
2026-07-05T08:10:55.020658,blip,imagen,PSO,14.7154,148.9
2026-07-05T08:10:55.020658,blip,imagen,HCAKC,18.8236,162.48
2026-07-05T08:10:55.020658,blip,imagen,KM-MILP,32.3075,159.25
2026-07-05T08:10:55.020658,blip,imagen,SCK1,6.4397,158.06
2026-07-05T08:13:21.035171,blip,imagen,BAT,75.3529,163.88
2026-07-05T08:13:21.046199,blip,imagen,CSCLP,8.3554,153.34
2026-07-05T08:13:21.050209,blip,imagen,Kmedoids,7.852,149.59
2026-07-05T08:13:21.052227,blip,imagen,ACO,141.0578,165.43
2026-07-05T08:13:21.055222,blip,imagen,PSO,22.9079,149.59
2026-07-05T08:13:21.058207,blip,imagen,HCAKC,17.8465,163.19
2026-07-05T08:13:21.061202,blip,imagen,KM-MILP,10.6486,157.43
2026-07-05T08:13:21.063201,blip,imagen,SCK1,4.3872,157.17
2026-07-05T08:17:31.940749,blip,imagen,BAT,129.8806,164.57
2026-07-05T08:17:31.951782,blip,imagen,CSCLP,15.5225,156.48
2026-07-05T08:17:31.954771,blip,imagen,Kmedoids,14.3495,151.98
2026-07-05T08:17:31.956771,blip,imagen,ACO,245.8345,167.84
2026-07-05T08:17:31.959778,blip,imagen,PSO,42.3461,151.14
2026-07-05T08:17:31.961771,blip,imagen,HCAKC,23.2643,165.68
2026-07-05T08:17:31.963762,blip,imagen,KM-MILP,20.2351,161.32
2026-07-05T08:17:31.965763,blip,imagen,SCK1,10.8377,158.95
2026-07-05T08:25:01.432021,blip,imagen,BAT,259.6457,166.33
2026-07-05T08:25:01.442060,blip,imagen,CSCLP,50.007,160.32
2026-07-05T08:25:01.445032,blip,imagen,Kmedoids,47.2187,153.58
2026-07-05T08:25:01.447048,blip,imagen,ACO,444.4014,171.7
2026-07-05T08:25:01.449043,blip,imagen,PSO,104.7138,153.96
2026-07-05T08:25:01.451050,blip,imagen,HCAKC,90.2572,167.23
2026-07-05T08:25:01.453043,blip,imagen,KM-MILP,48.2065,165.59
2026-07-05T08:25:01.455047,blip,imagen,SCK1,20.4764,161.33
2026-07-05T08:34:18.233293,blip,imagen,BAT,371.5604,166.71
2026-07-05T08:34:18.244343,blip,imagen,CSCLP,245.0178,160.55
2026-07-05T08:34:18.247326,blip,imagen,Kmedoids,232.0004,154.13
2026-07-05T08:34:18.250321,blip,imagen,ACO,551.8499,172.68
2026-07-05T08:34:18.253321,blip,imagen,PSO,77.5377,153.77
2026-07-05T08:34:18.255322,blip,imagen,HCAKC,97.1997,168.62
2026-07-05T08:34:18.257317,blip,imagen,KM-MILP,254.3818,180.34
2026-07-05T08:34:18.260322,blip,imagen,SCK1,51.6233,165.93
2026-07-05T08:43:30.355248,blip,imagen,BAT,337.3348,167.38
2026-07-05T08:43:30.365794,blip,imagen,CSCLP,78.5437,160.06
2026-07-05T08:43:30.368785,blip,imagen,Kmedoids,75.5356,155.56
2026-07-05T08:43:30.370782,blip,imagen,ACO,547.187,175.24
2026-07-05T08:43:30.373788,blip,imagen,PSO,139.852,154.45
2026-07-05T08:43:30.375785,blip,imagen,HCAKC,105.0031,168.49
2026-07-05T08:43:30.377785,blip,imagen,KM-MILP,84.5618,167.71
2026-07-05T08:43:30.380780,blip,imagen,SCK1,28.4962,162.96
2026-07-05T08:54:32.851531,blip,imagen,BAT,404.7919,169.88
2026-07-05T08:54:32.862566,blip,imagen,CSCLP,79.2418,161.7
2026-07-05T08:54:32.866542,blip,imagen,Kmedoids,73.8712,156.24
2026-07-05T08:54:32.868545,blip,imagen,ACO,657.4834,177.93
2026-07-05T08:54:32.870544,blip,imagen,PSO,145.2968,154.98
2026-07-05T08:54:32.873546,blip,imagen,HCAKC,86.1126,169.74
2026-07-05T08:54:32.876538,blip,imagen,KM-MILP,89.6914,166.02
2026-07-05T08:54:32.879548,blip,imagen,SCK1,33.2837,165.09
2026-07-05T09:06:19.804760,blip,imagen,BAT,418.592,168.24
2026-07-05T09:06:19.819771,blip,imagen,CSCLP,106.9761,152.59
2026-07-05T09:06:19.822779,blip,imagen,Kmedoids,101.2082,152.3
2026-07-05T09:06:19.825794,blip,imagen,ACO,701.9242,178.98
2026-07-05T09:06:19.828779,blip,imagen,PSO,161.8881,152.79
2026-07-05T09:06:19.831782,blip,imagen,HCAKC,86.7863,152.62
2026-07-05T09:06:19.833768,blip,imagen,KM-MILP,95.6945,152.64
2026-07-05T09:06:19.836779,blip,imagen,SCK1,36.7738,160.81
2026-07-05T09:20:25.262385,blip,imagen,BAT,557.2158,162.86
2026-07-05T09:20:25.265431,blip,imagen,CSCLP,288.2966,153.3
2026-07-05T09:20:25.278516,blip,imagen,Kmedoids,269.5624,153.56
2026-07-05T09:20:25.278516,blip,imagen,ACO,840.3456,163.12
2026-07-05T09:20:25.283555,blip,imagen,PSO,272.699,153.52
2026-07-05T09:20:25.285568,blip,imagen,HCAKC,280.4073,153.76
2026-07-05T09:20:25.285568,blip,imagen,KM-MILP,282.1745,153.25
2026-07-05T09:20:25.289327,blip,imagen,SCK1,58.4635,168.34
2026-07-05T09:33:55.634458,blip,imagen,BAT,505.6041,169.59
2026-07-05T09:33:55.638568,blip,imagen,CSCLP,154.2166,153.12
2026-07-05T09:33:55.638568,blip,imagen,Kmedoids,154.4714,153.49
2026-07-05T09:33:55.638568,blip,imagen,ACO,805.1544,179.6
2026-07-05T09:33:55.638568,blip,imagen,PSO,221.0207,153.42
2026-07-05T09:33:55.654602,blip,imagen,HCAKC,168.0199,169.7
2026-07-05T09:33:55.654602,blip,imagen,KM-MILP,124.0465,171.21
2026-07-05T09:33:55.654602,blip,imagen,SCK1,41.5136,153.71
2026-07-05T09:46:48.596864,blip,imagen,BAT,467.8421,168.89
2026-07-05T09:46:48.627963,blip,imagen,CSCLP,124.1624,161.67
2026-07-05T09:46:48.630946,blip,imagen,Kmedoids,124.8033,157.27
2026-07-05T09:46:48.632937,blip,imagen,ACO,767.8289,177.47
2026-07-05T09:46:48.635939,blip,imagen,PSO,194.9754,156.36
2026-07-05T09:46:48.637947,blip,imagen,HCAKC,110.5625,169.99
2026-07-05T09:46:48.639948,blip,imagen,KM-MILP,119.794,169.65
2026-07-05T09:46:48.641934,blip,imagen,SCK1,45.1998,165.73
2026-07-05T10:00:00.444409,blip,imagen,BAT,475.8769,163.39
2026-07-05T10:00:00.460435,blip,imagen,CSCLP,146.8852,153.2
2026-07-05T10:00:00.463421,blip,imagen,Kmedoids,141.8836,153.24
2026-07-05T10:00:00.465423,blip,imagen,ACO,786.1023,163.34
2026-07-05T10:00:00.467434,blip,imagen,PSO,204.332,153.59
2026-07-05T10:00:00.470453,blip,imagen,HCAKC,134.3289,153.34
2026-07-05T10:00:00.472436,blip,imagen,KM-MILP,120.0544,153.18
2026-07-05T10:00:00.474421,blip,imagen,SCK1,44.2614,153.54
2026-07-05T10:29:54.320369,qwen_vl,imagen,BAT,11.6571,160.44
2026-07-05T10:29:54.330429,qwen_vl,imagen,CSCLP,1.1324,151.66
2026-07-05T10:29:54.334458,qwen_vl,imagen,Kmedoids,1.0056,148.54
2026-07-05T10:29:54.336472,qwen_vl,imagen,ACO,12.2094,160.67
2026-07-05T10:29:54.340240,qwen_vl,imagen,PSO,0.9352,149.05
2026-07-05T10:29:54.342256,qwen_vl,imagen,HCAKC,6.3924,162.09
2026-07-05T10:29:54.344269,qwen_vl,imagen,KM-MILP,2.0811,156.77
2026-07-05T10:29:54.346279,qwen_vl,imagen,SCK1,0.7943,154.67
2026-07-05T10:31:58.335183,qwen_vl,imagen,BAT,81.5013,169.49
2026-07-05T10:31:58.344493,qwen_vl,imagen,CSCLP,6.2234,160.66
2026-07-05T10:31:58.344493,qwen_vl,imagen,Kmedoids,5.8847,154.53
2026-07-05T10:31:58.360459,qwen_vl,imagen,ACO,119.2112,169.38
2026-07-05T10:31:58.360459,qwen_vl,imagen,PSO,11.4664,154.84
2026-07-05T10:31:58.376450,qwen_vl,imagen,HCAKC,32.7992,168.94
2026-07-05T10:31:58.376450,qwen_vl,imagen,KM-MILP,9.1065,161.86
2026-07-05T10:31:58.376450,qwen_vl,imagen,SCK1,4.5566,162.72
2026-07-05T10:34:08.497239,qwen_vl,imagen,BAT,74.9616,167.42
2026-07-05T10:34:08.517382,qwen_vl,imagen,CSCLP,4.9518,161.1
2026-07-05T10:34:08.523260,qwen_vl,imagen,Kmedoids,5.0158,154.51
2026-07-05T10:34:08.528257,qwen_vl,imagen,ACO,121.7681,169.24
2026-07-05T10:34:08.533261,qwen_vl,imagen,PSO,13.7232,157.0
2026-07-05T10:34:08.538262,qwen_vl,imagen,HCAKC,34.5521,168.36
2026-07-05T10:34:08.542260,qwen_vl,imagen,KM-MILP,8.2032,163.16
2026-07-05T10:34:08.546260,qwen_vl,imagen,SCK1,4.3855,159.53
2026-07-05T10:36:31.020544,qwen_vl,imagen,BAT,90.7175,170.3
2026-07-05T10:36:31.040082,qwen_vl,imagen,CSCLP,9.6063,163.23
2026-07-05T10:36:31.046085,qwen_vl,imagen,Kmedoids,8.6725,155.98
2026-07-05T10:36:31.051087,qwen_vl,imagen,ACO,133.9333,171.57
2026-07-05T10:36:31.056080,qwen_vl,imagen,PSO,15.6505,157.05
2026-07-05T10:36:31.061085,qwen_vl,imagen,HCAKC,34.2399,170.32
2026-07-05T10:36:31.066086,qwen_vl,imagen,KM-MILP,15.4582,164.2
2026-07-05T10:36:31.070090,qwen_vl,imagen,SCK1,6.8998,163.78
2026-07-05T10:39:26.339153,qwen_vl,imagen,BAT,118.1926,170.62
2026-07-05T10:39:26.358387,qwen_vl,imagen,CSCLP,10.4124,162.96
2026-07-05T10:39:26.364451,qwen_vl,imagen,Kmedoids,10.08,157.88
2026-07-05T10:39:26.368244,qwen_vl,imagen,ACO,166.8432,173.59
2026-07-05T10:39:26.376356,qwen_vl,imagen,PSO,29.4417,158.04
2026-07-05T10:39:26.380412,qwen_vl,imagen,HCAKC,34.1963,171.95
2026-07-05T10:39:26.384223,qwen_vl,imagen,KM-MILP,14.3914,165.13
2026-07-05T10:39:26.390319,qwen_vl,imagen,SCK1,7.8768,164.27
2026-07-05T10:43:12.644333,qwen_vl,imagen,BAT,216.7605,172.96
2026-07-05T10:43:12.663349,qwen_vl,imagen,CSCLP,42.5367,165.35
2026-07-05T10:43:12.669357,qwen_vl,imagen,Kmedoids,38.6166,161.8
2026-07-05T10:43:12.675351,qwen_vl,imagen,ACO,217.7184,172.22
2026-07-05T10:43:12.680357,qwen_vl,imagen,PSO,26.4681,161.56
2026-07-05T10:43:12.685356,qwen_vl,imagen,HCAKC,92.7952,172.22
2026-07-05T10:43:12.690353,qwen_vl,imagen,KM-MILP,80.2329,178.23
2026-07-05T10:43:12.694357,qwen_vl,imagen,SCK1,20.3329,172.07
2026-07-05T10:48:36.905773,qwen_vl,imagen,BAT,218.9772,180.42
2026-07-05T10:48:36.916666,qwen_vl,imagen,CSCLP,24.85,172.24
2026-07-05T10:48:36.927026,qwen_vl,imagen,Kmedoids,24.7354,166.2
2026-07-05T10:48:36.932241,qwen_vl,imagen,ACO,315.5434,182.53
2026-07-05T10:48:36.938183,qwen_vl,imagen,PSO,51.5514,167.68
2026-07-05T10:48:36.942239,qwen_vl,imagen,HCAKC,117.1639,181.12
2026-07-05T10:48:36.948065,qwen_vl,imagen,KM-MILP,35.8355,175.0
2026-07-05T10:48:36.952114,qwen_vl,imagen,SCK1,19.6528,173.16
2026-07-05T10:57:49.360686,qwen_vl,imagen,BAT,367.2681,191.35
2026-07-05T10:57:49.382560,qwen_vl,imagen,CSCLP,74.0879,179.71
2026-07-05T10:57:49.392416,qwen_vl,imagen,Kmedoids,67.9545,176.16
2026-07-05T10:57:49.400416,qwen_vl,imagen,ACO,543.4294,191.09
2026-07-05T10:57:49.406407,qwen_vl,imagen,PSO,113.7211,175.07
2026-07-05T10:57:49.410415,qwen_vl,imagen,HCAKC,158.9312,189.91
2026-07-05T10:57:49.416411,qwen_vl,imagen,KM-MILP,81.4286,186.46
2026-07-05T10:57:49.420424,qwen_vl,imagen,SCK1,46.1386,182.52
2026-07-05T11:14:05.124704,qwen_vl,imagen,BAT,684.0766,202.59
2026-07-05T11:14:05.146704,qwen_vl,imagen,CSCLP,130.0654,196.02
2026-07-05T11:14:05.153705,qwen_vl,imagen,Kmedoids,123.1614,189.57
2026-07-05T11:14:05.158704,qwen_vl,imagen,ACO,966.8169,208.53
2026-07-05T11:14:05.163704,qwen_vl,imagen,PSO,220.4953,188.48
2026-07-05T11:14:05.168703,qwen_vl,imagen,HCAKC,361.2194,202.71
2026-07-05T11:14:05.173707,qwen_vl,imagen,KM-MILP,148.9515,201.85
2026-07-05T11:14:05.178701,qwen_vl,imagen,SCK1,99.5766,196.77
2026-07-05T11:33:18.864908,qwen_vl,imagen,BAT,1031.4345,196.39
2026-07-05T11:33:18.891929,qwen_vl,imagen,CSCLP,583.2346,186.69
2026-07-05T11:33:18.898926,qwen_vl,imagen,Kmedoids,543.5817,186.52
2026-07-05T11:33:18.903928,qwen_vl,imagen,ACO,1144.3448,196.88
2026-07-05T11:33:18.907932,qwen_vl,imagen,PSO,172.9531,188.7
2026-07-05T11:33:18.912931,qwen_vl,imagen,HCAKC,624.0593,187.24
2026-07-05T11:33:18.917936,qwen_vl,imagen,KM-MILP,604.9626,186.59
2026-07-05T11:33:18.923927,qwen_vl,imagen,SCK1,162.0945,194.66
2026-07-05T11:53:16.990587,qwen_vl,imagen,BAT,891.5663,207.52
2026-07-05T11:53:17.008116,qwen_vl,imagen,CSCLP,192.8206,200.7
2026-07-05T11:53:17.016120,qwen_vl,imagen,Kmedoids,182.8851,195.79
2026-07-05T11:53:17.021118,qwen_vl,imagen,ACO,1188.5818,216.18
2026-07-05T11:53:17.026116,qwen_vl,imagen,PSO,293.2926,194.4
2026-07-05T11:53:17.030115,qwen_vl,imagen,HCAKC,599.2303,209.04
2026-07-05T11:53:17.035119,qwen_vl,imagen,KM-MILP,221.7744,208.17
2026-07-05T11:53:17.039134,qwen_vl,imagen,SCK1,133.1179,202.79
2026-07-05T12:16:23.094059,qwen_vl,imagen,BAT,1056.6056,211.76
2026-07-05T12:16:23.113082,qwen_vl,imagen,CSCLP,282.4578,204.74
2026-07-05T12:16:23.119079,qwen_vl,imagen,Kmedoids,281.3211,199.29
2026-07-05T12:16:23.123088,qwen_vl,imagen,ACO,1376.5507,220.16
2026-07-05T12:16:23.128083,qwen_vl,imagen,PSO,359.4146,198.82
2026-07-05T12:16:23.132086,qwen_vl,imagen,HCAKC,530.9146,211.27
2026-07-05T12:16:23.136089,qwen_vl,imagen,KM-MILP,244.3658,212.93
2026-07-05T12:16:23.139453,qwen_vl,imagen,SCK1,155.7482,206.92
2026-07-05T12:40:21.869505,qwen_vl,imagen,BAT,1042.1475,214.28
2026-07-05T12:40:21.875003,qwen_vl,imagen,CSCLP,274.649,207.1
2026-07-05T12:40:21.894978,qwen_vl,imagen,Kmedoids,271.0369,201.19
2026-07-05T12:40:21.897004,qwen_vl,imagen,ACO,1430.2284,223.92
2026-07-05T12:40:21.904918,qwen_vl,imagen,PSO,363.0388,200.0
2026-07-05T12:40:21.906675,qwen_vl,imagen,HCAKC,537.9488,214.62
2026-07-05T12:40:21.913018,qwen_vl,imagen,KM-MILP,256.5263,210.55
2026-07-05T12:40:21.916387,qwen_vl,imagen,SCK1,161.1077,208.04
2026-07-05T13:15:05.460211,qwen_vl,imagen,BAT,1579.2881,212.09
2026-07-05T13:15:05.502436,qwen_vl,imagen,CSCLP,544.9316,202.2
2026-07-05T13:15:05.514452,qwen_vl,imagen,Kmedoids,521.0339,201.94
2026-07-05T13:15:05.522326,qwen_vl,imagen,ACO,2073.8718,211.73
2026-07-05T13:15:05.530272,qwen_vl,imagen,PSO,456.9751,202.5
2026-07-05T13:15:05.536162,qwen_vl,imagen,HCAKC,1301.9961,202.03
2026-07-05T13:15:05.542274,qwen_vl,imagen,KM-MILP,665.9469,202.41
2026-07-05T13:15:05.550269,qwen_vl,imagen,SCK1,208.8704,202.13
2026-07-05T13:48:53.965682,qwen_vl,imagen,BAT,1432.2154,218.96
2026-07-05T13:48:53.987702,qwen_vl,imagen,CSCLP,315.6749,210.18
2026-07-05T13:48:53.994709,qwen_vl,imagen,Kmedoids,315.0802,205.66
2026-07-05T13:48:54.001253,qwen_vl,imagen,ACO,1999.8954,226.64
2026-07-05T13:48:54.007867,qwen_vl,imagen,PSO,457.0298,204.94
2026-07-05T13:48:54.013547,qwen_vl,imagen,HCAKC,1159.658,217.57
2026-07-05T13:48:54.018553,qwen_vl,imagen,KM-MILP,323.3072,218.5
2026-07-05T13:48:54.024547,qwen_vl,imagen,SCK1,198.4249,212.54
2026-07-05T14:43:30.198773,qwen_vl,imagen,BAT,3021.0115,211.82
2026-07-05T14:43:30.242894,qwen_vl,imagen,CSCLP,2515.406,201.36
2026-07-05T14:43:30.245889,qwen_vl,imagen,Kmedoids,2511.8018,201.95
2026-07-05T14:43:30.247886,qwen_vl,imagen,ACO,3272.3704,211.52
2026-07-05T14:43:30.250895,qwen_vl,imagen,PSO,2634.3049,201.89
2026-07-05T14:43:30.252891,qwen_vl,imagen,HCAKC,2867.5894,201.79
2026-07-05T14:43:30.254885,qwen_vl,imagen,KM-MILP,2519.4062,201.37
2026-07-05T14:43:30.256893,qwen_vl,imagen,SCK1,2397.7548,201.87
2026-07-05T15:01:22.155201,qwen_vl,imagen,BAT,817.152,212.23
2026-07-05T15:01:22.220526,qwen_vl,imagen,CSCLP,365.5755,202.17
2026-07-05T15:01:22.228884,qwen_vl,imagen,Kmedoids,368.7467,202.31
2026-07-05T15:01:22.231888,qwen_vl,imagen,ACO,1065.0333,211.93
2026-07-05T15:01:22.233884,qwen_vl,imagen,PSO,454.4487,202.71
2026-07-05T15:01:22.235894,qwen_vl,imagen,HCAKC,540.8829,202.12
2026-07-05T15:01:22.237898,qwen_vl,imagen,KM-MILP,307.7068,202.22
2026-07-05T15:01:22.239899,qwen_vl,imagen,SCK1,191.3013,202.07
2026-07-05T15:01:43.600910,internvl,imagen,BAT,9.6182,160.02
2026-07-05T15:01:43.611934,internvl,imagen,CSCLP,0.8483,150.0
2026-07-05T15:01:43.614922,internvl,imagen,Kmedoids,0.7355,147.44
2026-07-05T15:01:43.616919,internvl,imagen,ACO,12.3191,160.47
2026-07-05T15:01:43.619919,internvl,imagen,PSO,0.7446,148.45
2026-07-05T15:01:43.622918,internvl,imagen,HCAKC,5.49,161.13
2026-07-05T15:01:43.624918,internvl,imagen,KM-MILP,2.7359,156.16
2026-07-05T15:01:43.627921,internvl,imagen,SCK1,0.6107,154.83
2026-07-05T15:02:49.350962,internvl,imagen,BAT,38.8854,165.52
2026-07-05T15:02:49.361000,internvl,imagen,CSCLP,4.9384,157.63
2026-07-05T15:02:49.363974,internvl,imagen,Kmedoids,4.6868,152.06
2026-07-05T15:02:49.366976,internvl,imagen,ACO,60.3599,166.63
2026-07-05T15:02:49.369988,internvl,imagen,PSO,10.088,152.34
2026-07-05T15:02:49.371991,internvl,imagen,HCAKC,21.4035,166.04
2026-07-05T15:02:49.373975,internvl,imagen,KM-MILP,7.6525,159.8
2026-07-05T15:02:49.376973,internvl,imagen,SCK1,3.6584,158.58
2026-07-05T15:03:54.339627,internvl,imagen,BAT,35.136,165.11
2026-07-05T15:03:54.350651,internvl,imagen,CSCLP,3.671,157.32
2026-07-05T15:03:54.353652,internvl,imagen,Kmedoids,3.3859,151.48
2026-07-05T15:03:54.355655,internvl,imagen,ACO,59.5208,167.7
2026-07-05T15:03:54.358651,internvl,imagen,PSO,11.0096,151.69
2026-07-05T15:03:54.361652,internvl,imagen,HCAKC,11.5712,165.42
2026-07-05T15:03:54.363648,internvl,imagen,KM-MILP,5.1383,160.23
2026-07-05T15:03:54.366653,internvl,imagen,SCK1,3.0139,157.66
2026-07-05T15:05:08.453878,internvl,imagen,BAT,43.6442,166.39
2026-07-05T15:05:08.457002,internvl,imagen,CSCLP,6.0545,156.45
2026-07-05T15:05:08.457002,internvl,imagen,Kmedoids,5.5903,152.98
2026-07-05T15:05:08.457002,internvl,imagen,ACO,68.5468,168.39
2026-07-05T15:05:08.472940,internvl,imagen,PSO,12.8659,153.02
2026-07-05T15:05:08.472940,internvl,imagen,HCAKC,22.9821,166.86
2026-07-05T15:05:08.472940,internvl,imagen,KM-MILP,9.4016,158.7
2026-07-05T15:05:08.472940,internvl,imagen,SCK1,4.5727,159.54
2026-07-05T15:06:36.346943,internvl,imagen,BAT,61.8151,167.02
2026-07-05T15:06:36.351120,internvl,imagen,CSCLP,5.9509,159.21
2026-07-05T15:06:36.351120,internvl,imagen,Kmedoids,5.7097,153.7
2026-07-05T15:06:36.351120,internvl,imagen,ACO,82.3229,170.5
2026-07-05T15:06:36.366888,internvl,imagen,PSO,20.5165,154.55
2026-07-05T15:06:36.366888,internvl,imagen,HCAKC,24.1483,167.19
2026-07-05T15:06:36.366888,internvl,imagen,KM-MILP,9.2948,162.46
2026-07-05T15:06:36.366888,internvl,imagen,SCK1,5.1385,161.41
2026-07-05T15:08:37.583680,internvl,imagen,BAT,104.7817,169.84
2026-07-05T15:08:37.589157,internvl,imagen,CSCLP,27.9437,160.89
2026-07-05T15:08:37.589157,internvl,imagen,Kmedoids,26.3355,156.74
2026-07-05T15:08:37.589157,internvl,imagen,ACO,115.5704,170.28
2026-07-05T15:08:37.589157,internvl,imagen,PSO,23.4313,156.0
2026-07-05T15:08:37.605150,internvl,imagen,HCAKC,52.0645,169.93
2026-07-05T15:08:37.605150,internvl,imagen,KM-MILP,46.5202,176.44
2026-07-05T15:08:37.605150,internvl,imagen,SCK1,13.7594,165.42
2026-07-05T15:11:33.766792,internvl,imagen,BAT,116.7108,174.1
2026-07-05T15:11:33.778805,internvl,imagen,CSCLP,21.0556,164.25
2026-07-05T15:11:33.781808,internvl,imagen,Kmedoids,20.3305,159.53
2026-07-05T15:11:33.784810,internvl,imagen,ACO,170.591,176.12
2026-07-05T15:11:33.787808,internvl,imagen,PSO,43.651,161.11
2026-07-05T15:11:33.790808,internvl,imagen,HCAKC,63.9756,173.08
2026-07-05T15:11:33.792809,internvl,imagen,KM-MILP,25.4466,167.37
2026-07-05T15:11:33.795806,internvl,imagen,SCK1,14.785,164.86
2026-07-05T15:16:49.484946,internvl,imagen,BAT,211.0299,178.88
2026-07-05T15:16:49.490087,internvl,imagen,CSCLP,47.2742,169.74
2026-07-05T15:16:49.490087,internvl,imagen,Kmedoids,45.8308,167.21
2026-07-05T15:16:49.490087,internvl,imagen,ACO,309.9312,181.97
2026-07-05T15:16:49.505772,internvl,imagen,PSO,99.8223,165.27
2026-07-05T15:16:49.505772,internvl,imagen,HCAKC,121.5013,180.9
2026-07-05T15:16:49.505772,internvl,imagen,KM-MILP,58.1815,175.68
2026-07-05T15:16:49.505772,internvl,imagen,SCK1,33.6891,171.47
2026-07-05T15:26:29.972412,internvl,imagen,BAT,418.1082,188.18
2026-07-05T15:26:29.972412,internvl,imagen,CSCLP,99.8409,181.88
2026-07-05T15:26:29.988250,internvl,imagen,Kmedoids,97.673,175.74
2026-07-05T15:26:29.991413,internvl,imagen,ACO,574.4748,194.12
2026-07-05T15:26:29.991413,internvl,imagen,PSO,187.7982,174.42
2026-07-05T15:26:29.991413,internvl,imagen,HCAKC,356.7164,188.74
2026-07-05T15:26:29.991413,internvl,imagen,KM-MILP,118.0466,185.39
2026-07-05T15:26:29.991413,internvl,imagen,SCK1,69.3847,181.77
2026-07-05T15:37:33.151522,internvl,imagen,BAT,552.5912,187.34
2026-07-05T15:37:33.164559,internvl,imagen,CSCLP,332.71,182.96
2026-07-05T15:37:33.167544,internvl,imagen,Kmedoids,315.0556,175.44
2026-07-05T15:37:33.169555,internvl,imagen,ACO,651.379,195.52
2026-07-05T15:37:33.172567,internvl,imagen,PSO,135.7306,175.62
2026-07-05T15:37:33.174564,internvl,imagen,HCAKC,383.541,189.71
2026-07-05T15:37:33.177541,internvl,imagen,KM-MILP,343.5011,200.96
2026-07-05T15:37:33.179560,internvl,imagen,SCK1,107.9474,184.8
2026-07-05T15:49:31.183375,internvl,imagen,BAT,532.5446,185.88
2026-07-05T15:49:31.230157,internvl,imagen,CSCLP,207.2792,175.85
2026-07-05T15:49:31.233141,internvl,imagen,Kmedoids,202.7191,176.18
2026-07-05T15:49:31.235133,internvl,imagen,ACO,712.6019,186.34
2026-07-05T15:49:31.238160,internvl,imagen,PSO,281.5586,175.8
2026-07-05T15:49:31.240151,internvl,imagen,HCAKC,290.509,175.89
2026-07-05T15:49:31.242141,internvl,imagen,KM-MILP,205.2944,176.24
2026-07-05T15:49:31.244132,internvl,imagen,SCK1,100.23,186.01
2026-07-05T16:03:15.006498,internvl,imagen,BAT,605.4984,188.08
2026-07-05T16:03:15.050122,internvl,imagen,CSCLP,204.6563,178.37
2026-07-05T16:03:15.053127,internvl,imagen,Kmedoids,203.1536,178.57
2026-07-05T16:03:15.055130,internvl,imagen,ACO,817.6088,188.12
2026-07-05T16:03:15.057123,internvl,imagen,PSO,296.1719,178.35
2026-07-05T16:03:15.059128,internvl,imagen,HCAKC,308.1013,178.27
2026-07-05T16:03:15.061124,internvl,imagen,KM-MILP,217.2199,177.96
2026-07-05T16:03:15.063129,internvl,imagen,SCK1,125.6773,178.21
2026-07-05T16:18:07.477546,internvl,imagen,BAT,636.714,190.19
2026-07-05T16:18:07.534137,internvl,imagen,CSCLP,269.5899,180.46
2026-07-05T16:18:07.537125,internvl,imagen,Kmedoids,264.0077,180.42
2026-07-05T16:18:07.540245,internvl,imagen,ACO,886.2036,189.68
2026-07-05T16:18:07.542243,internvl,imagen,PSO,315.6518,180.34
2026-07-05T16:18:07.544234,internvl,imagen,HCAKC,273.616,180.3
2026-07-05T16:18:07.546373,internvl,imagen,KM-MILP,234.7696,180.25
2026-07-05T16:18:07.549160,internvl,imagen,SCK1,125.9152,180.22
2026-07-05T16:36:45.178534,internvl,imagen,BAT,877.9218,192.52
2026-07-05T16:36:45.228532,internvl,imagen,CSCLP,453.6193,182.67
2026-07-05T16:36:45.231523,internvl,imagen,Kmedoids,449.2986,183.05
2026-07-05T16:36:45.233530,internvl,imagen,ACO,1110.9633,192.68
2026-07-05T16:36:45.236527,internvl,imagen,PSO,436.6525,182.58
2026-07-05T16:36:45.239524,internvl,imagen,HCAKC,756.2134,182.69
2026-07-05T16:36:45.241522,internvl,imagen,KM-MILP,453.0936,182.61
2026-07-05T16:36:45.243518,internvl,imagen,SCK1,169.6209,182.92
2026-07-05T16:53:54.874716,internvl,imagen,BAT,751.7076,192.41
2026-07-05T16:53:54.913712,internvl,imagen,CSCLP,274.6974,182.73
2026-07-05T16:53:54.916719,internvl,imagen,Kmedoids,266.6983,183.15
2026-07-05T16:53:54.919717,internvl,imagen,ACO,1022.9682,192.82
2026-07-05T16:53:54.922726,internvl,imagen,PSO,404.493,182.92
2026-07-05T16:53:54.926715,internvl,imagen,HCAKC,419.2599,183.17
2026-07-05T16:53:54.929723,internvl,imagen,KM-MILP,274.2106,182.56
2026-07-05T16:53:54.931709,internvl,imagen,SCK1,154.6672,182.85
2026-07-05T17:11:07.456478,internvl,imagen,BAT,750.6279,192.66
2026-07-05T17:11:07.494265,internvl,imagen,CSCLP,347.6809,182.86
2026-07-05T17:11:07.497268,internvl,imagen,Kmedoids,342.6606,183.11
2026-07-05T17:11:07.499266,internvl,imagen,ACO,1025.2787,193.12
2026-07-05T17:11:07.502269,internvl,imagen,PSO,427.2162,182.59
2026-07-05T17:11:07.504269,internvl,imagen,HCAKC,446.0671,182.66
2026-07-05T17:11:07.507266,internvl,imagen,KM-MILP,282.183,183.36
2026-07-05T17:11:07.509267,internvl,imagen,SCK1,152.4694,182.88
2026-07-05T17:27:34.728770,internvl,imagen,BAT,702.3555,192.98
2026-07-05T17:27:34.766744,internvl,imagen,CSCLP,294.9145,182.86
2026-07-05T17:27:34.769736,internvl,imagen,Kmedoids,284.0613,182.91
2026-07-05T17:27:34.772731,internvl,imagen,ACO,980.237,193.11
2026-07-05T17:27:34.774743,internvl,imagen,PSO,373.6791,182.86
2026-07-05T17:27:34.776750,internvl,imagen,HCAKC,374.8342,182.93
2026-07-05T17:27:34.778750,internvl,imagen,KM-MILP,264.2853,183.19
2026-07-05T17:27:34.780750,internvl,imagen,SCK1,147.1888,183.01
2026-07-06T17:54:28.484448,clip,texto,CSCLP,471.867,355.52
2026-07-06T18:03:18.971997,blip,texto,CSCLP,465.4384,266.45
2026-07-06T18:24:24.691364,qwen_vl,texto,CSCLP,1237.9643,741.61
2026-07-06T18:41:28.491360,internvl,texto,CSCLP,947.9917,500.36
2026-07-06T18:52:39.692543,clip,imagen,CSCLP,592.7817,360.55
2026-07-06T20:44:22.338884,blip,imagen,CSCLP,520.3339,267.19
2026-07-06T20:59:43.210007,qwen_vl,imagen,CSCLP,834.3197,752.09
2026-07-06T21:16:58.591881,internvl,imagen,CSCLP,651.2303,557.22
