timestamp,phase,model,modalidad,dataset,status,elapsed_s,harvested,missing,missing_algos
2026-07-04T14:12:01.029507,1,clip,texto,scotus,OK,129.2,8,0,
2026-07-04T14:14:09.603582,1,clip,texto,emotion,OK,128.2,8,0,
2026-07-04T14:15:40.058707,1,clip,texto,bbc_news,OK,90.1,8,0,
2026-07-04T14:20:22.501771,1,clip,texto,goemotions,OK,282.1,8,0,
2026-07-04T14:25:03.036901,1,clip,texto,patent,OK,280.2,8,0,
2026-07-04T14:30:03.060676,1,clip,texto,tweeteval_emoji,OK,299.6,8,0,
2026-07-04T14:36:16.430293,1,clip,texto,trec,OK,373.0,8,0,
2026-07-04T14:46:27.302567,1,clip,texto,20ng,OK,610.1,8,0,
2026-07-04T14:56:19.004871,1,clip,texto,ag_news,OK,591.3,8,0,
2026-07-04T15:07:29.572261,1,clip,texto,reuters_r10,OK,670.0,8,0,
2026-07-04T15:19:46.491115,1,clip,texto,sst5,OK,736.4,8,0,
2026-07-04T15:35:15.610463,1,clip,texto,meld_e,OK,928.6,8,0,
2026-07-04T15:51:31.396414,1,clip,texto,liar,OK,975.2,8,0,
2026-07-04T16:09:55.476184,1,clip,texto,dbpedia14,OK,1103.5,8,0,
2026-07-04T16:24:54.472113,1,clip,texto,yahoo,OK,898.4,8,0,
2026-07-04T16:25:44.291491,1,blip,texto,scotus,OK,49.4,8,0,
2026-07-04T16:26:57.536119,1,blip,texto,emotion,OK,73.0,8,0,
2026-07-04T16:28:19.599312,1,blip,texto,bbc_news,OK,81.8,8,0,
2026-07-04T16:32:28.458177,1,blip,texto,goemotions,OK,248.5,8,0,
2026-07-04T16:36:43.005956,1,blip,texto,patent,OK,254.2,8,0,
2026-07-04T16:41:08.194898,1,blip,texto,tweeteval_emoji,OK,264.8,8,0,
2026-07-04T16:46:42.739462,1,blip,texto,trec,OK,334.1,8,0,
2026-07-04T17:00:24.173100,1,blip,texto,20ng,OK,820.7,8,0,
2026-07-04T17:17:19.336158,1,blip,texto,ag_news,OK,1014.2,8,0,
2026-07-04T17:36:34.911986,1,blip,texto,reuters_r10,OK,1154.7,8,0,
2026-07-04T17:58:26.007107,1,blip,texto,sst5,OK,1310.1,8,0,
2026-07-04T18:24:30.707256,1,blip,texto,meld_e,OK,1566.2,8,0,
2026-07-04T18:55:21.968754,1,blip,texto,dbpedia14,OK,1850.0,8,0,
2026-07-04T19:26:12.854614,1,blip,texto,yahoo,OK,1849.3,8,0,
2026-07-04T21:40:39.927053,1,blip,texto,liar,OK,836.3,8,0,
2026-07-04T21:46:04.359728,1,qwen_vl,texto,scotus,OK,81.2,8,0,
2026-07-04T21:51:49.472267,1,qwen_vl,texto,emotion,OK,344.6,8,0,
2026-07-04T21:54:54.656435,1,qwen_vl,texto,bbc_news,OK,184.5,8,0,
2026-07-04T22:04:27.013489,1,qwen_vl,texto,goemotions,OK,571.7,8,0,
2026-07-04T22:14:12.110313,1,qwen_vl,texto,patent,OK,584.2,8,0,
2026-07-04T22:24:22.743335,1,qwen_vl,texto,tweeteval_emoji,OK,609.8,8,0,
2026-07-04T22:36:22.506915,1,qwen_vl,texto,trec,OK,719.0,8,0,
2026-07-04T23:14:37.620775,1,qwen_vl,texto,20ng,OK,2294.6,8,0,
2026-07-04T23:26:05.953161,1,qwen_vl,texto,ag_news,OK,687.8,8,0,
2026-07-04T23:38:26.296095,1,qwen_vl,texto,reuters_r10,OK,739.9,8,0,
2026-07-04T23:52:29.537383,1,qwen_vl,texto,sst5,OK,842.7,8,0,
2026-07-05T00:10:04.968976,1,qwen_vl,texto,meld_e,OK,1054.8,8,0,
2026-07-05T00:29:08.018642,1,qwen_vl,texto,liar,OK,1142.4,8,0,
2026-07-05T00:58:02.779725,1,qwen_vl,texto,dbpedia14,OK,1733.6,8,0,
2026-07-05T01:25:39.172847,1,qwen_vl,texto,yahoo,OK,1655.1,8,0,
2026-07-05T01:27:27.085932,1,internvl,texto,scotus,OK,107.4,8,0,
2026-07-05T01:30:04.367173,1,internvl,texto,emotion,OK,156.7,8,0,
2026-07-05T01:32:52.056321,1,internvl,texto,bbc_news,OK,167.1,8,0,
2026-07-05T01:41:14.544240,1,internvl,texto,goemotions,OK,501.8,8,0,
2026-07-05T01:49:53.762944,1,internvl,texto,patent,OK,518.6,8,0,
2026-07-05T01:58:46.360191,1,internvl,texto,tweeteval_emoji,OK,531.9,8,0,
2026-07-05T02:09:53.037767,1,internvl,texto,trec,OK,665.9,8,0,
2026-07-05T02:25:27.063595,1,internvl,texto,20ng,OK,933.2,8,0,
2026-07-05T02:41:36.084629,1,internvl,texto,ag_news,OK,968.3,8,0,
2026-07-05T03:00:26.780929,1,internvl,texto,reuters_r10,OK,1129.9,8,0,
2026-07-05T03:25:15.943718,1,internvl,texto,sst5,OK,1489.3,8,0,
2026-07-05T03:56:30.535851,1,internvl,texto,meld_e,OK,1873.4,8,0,
2026-07-05T04:13:55.424228,1,internvl,texto,liar,OK,1044.2,8,0,
2026-07-05T04:31:09.642502,1,internvl,texto,dbpedia14,OK,1033.7,8,0,
2026-07-05T04:46:42.580065,1,internvl,texto,yahoo,OK,932.3,8,0,
2026-07-05T06:03:16.726489,1,clip,imagen,orl,OK,16.1,8,0,
2026-07-05T06:04:17.241825,1,clip,imagen,semeion,OK,60.2,8,0,
2026-07-05T06:05:16.130845,1,clip,imagen,retinamnist,OK,58.6,8,0,
2026-07-05T06:06:22.401318,1,clip,imagen,digits,OK,66.0,8,0,
2026-07-05T06:07:41.262652,1,clip,imagen,dermamnist,OK,78.5,8,0,
2026-07-05T06:09:25.690400,1,clip,imagen,lfw,OK,104.1,8,0,
2026-07-05T06:12:00.496035,1,clip,imagen,bloodmnist,OK,154.5,8,0,
2026-07-05T06:16:23.761459,1,clip,imagen,stl10,OK,262.9,8,0,
2026-07-05T06:24:15.514219,1,clip,imagen,pathmnist,OK,471.4,8,0,
2026-07-05T06:33:49.883666,1,clip,imagen,oxfordpet,OK,574.0,8,0,
2026-07-05T06:43:46.145321,1,clip,imagen,organcmnist,OK,595.8,8,0,
2026-07-05T06:55:43.448336,1,clip,imagen,organsmnist,OK,716.8,8,0,
2026-07-05T07:08:24.351813,1,clip,imagen,usps,OK,760.4,8,0,
2026-07-05T07:22:55.720831,1,clip,imagen,cifar100,OK,870.7,8,0,
2026-07-05T07:36:56.462599,1,clip,imagen,cifar10,OK,840.1,8,0,
2026-07-05T07:50:43.648356,1,clip,imagen,fashionmnist,OK,826.5,8,0,
2026-07-05T08:04:45.883219,1,clip,imagen,mnist,OK,841.7,8,0,
2026-07-05T08:05:02.462827,1,blip,imagen,orl,OK,16.1,8,0,
2026-07-05T08:05:59.272329,1,blip,imagen,semeion,OK,56.5,8,0,
2026-07-05T08:06:56.765708,1,blip,imagen,retinamnist,OK,57.2,8,0,
2026-07-05T08:08:00.745804,1,blip,imagen,digits,OK,63.7,8,0,
2026-07-05T08:09:17.085901,1,blip,imagen,dermamnist,OK,76.0,8,0,
2026-07-05T08:10:55.878648,1,blip,imagen,lfw,OK,98.4,8,0,
2026-07-05T08:13:21.881964,1,blip,imagen,bloodmnist,OK,145.7,8,0,
2026-07-05T08:17:32.804279,1,blip,imagen,stl10,OK,250.5,8,0,
2026-07-05T08:25:02.155032,1,blip,imagen,pathmnist,OK,448.9,8,0,
2026-07-05T08:34:18.954509,1,blip,imagen,oxfordpet,OK,556.4,8,0,
2026-07-05T08:43:31.091855,1,blip,imagen,organcmnist,OK,551.7,8,0,
2026-07-05T08:54:33.650302,1,blip,imagen,organsmnist,OK,662.0,8,0,
2026-07-05T09:06:20.620139,1,blip,imagen,usps,OK,706.4,8,0,
2026-07-05T09:20:26.137215,1,blip,imagen,cifar100,OK,844.9,8,0,
2026-07-05T09:33:56.453588,1,blip,imagen,cifar10,OK,809.7,8,0,
2026-07-05T09:46:49.634678,1,blip,imagen,fashionmnist,OK,772.6,8,0,
2026-07-05T10:00:01.341324,1,blip,imagen,mnist,OK,791.1,8,0,
2026-07-05T10:29:55.076901,1,qwen_vl,imagen,orl,OK,17.1,8,0,
2026-07-05T10:31:59.575398,1,qwen_vl,imagen,semeion,OK,124.0,8,0,
2026-07-05T10:34:09.677021,1,qwen_vl,imagen,retinamnist,OK,129.6,8,0,
2026-07-05T10:36:32.220155,1,qwen_vl,imagen,digits,OK,142.0,8,0,
2026-07-05T10:39:27.569726,1,qwen_vl,imagen,dermamnist,OK,174.8,8,0,
2026-07-05T10:43:13.889398,1,qwen_vl,imagen,lfw,OK,225.7,8,0,
2026-07-05T10:48:38.224626,1,qwen_vl,imagen,bloodmnist,OK,323.7,8,0,
2026-07-05T10:57:50.458158,1,qwen_vl,imagen,stl10,OK,551.6,8,0,
2026-07-05T11:14:06.381631,1,qwen_vl,imagen,pathmnist,OK,975.0,8,0,
2026-07-05T11:33:20.074343,1,qwen_vl,imagen,oxfordpet,OK,1152.9,8,0,
2026-07-05T11:53:18.210435,1,qwen_vl,imagen,organcmnist,OK,1197.2,8,0,
2026-07-05T12:16:24.333087,1,qwen_vl,imagen,organsmnist,OK,1385.2,8,0,
2026-07-05T12:40:23.128218,1,qwen_vl,imagen,usps,OK,1439.1,8,0,
2026-07-05T13:15:07.543445,1,qwen_vl,imagen,cifar100,OK,2082.8,8,0,
2026-07-05T13:48:55.634611,1,qwen_vl,imagen,cifar10,OK,2026.7,8,0,
2026-07-05T14:43:31.302890,1,qwen_vl,imagen,fashionmnist,OK,3283.4,8,0,
2026-07-05T15:01:23.145617,1,qwen_vl,imagen,mnist,OK,1071.2,8,0,
2026-07-05T15:01:44.441736,1,internvl,imagen,orl,OK,20.8,8,0,
2026-07-05T15:02:50.200980,1,internvl,imagen,semeion,OK,65.5,8,0,
2026-07-05T15:03:55.207283,1,internvl,imagen,retinamnist,OK,64.6,8,0,
2026-07-05T15:05:09.377050,1,internvl,imagen,digits,OK,73.8,8,0,
2026-07-05T15:06:37.228593,1,internvl,imagen,dermamnist,OK,87.6,8,0,
2026-07-05T15:08:38.466304,1,internvl,imagen,lfw,OK,120.7,8,0,
2026-07-05T15:11:34.726747,1,internvl,imagen,bloodmnist,OK,175.9,8,0,
2026-07-05T15:16:50.436928,1,internvl,imagen,stl10,OK,315.3,8,0,
2026-07-05T15:26:30.909248,1,internvl,imagen,pathmnist,OK,579.8,8,0,
2026-07-05T15:37:33.911776,1,internvl,imagen,oxfordpet,OK,662.5,8,0,
2026-07-05T15:49:32.024249,1,internvl,imagen,organcmnist,OK,717.6,8,0,
2026-07-05T16:03:15.888505,1,internvl,imagen,organsmnist,OK,823.3,8,0,
2026-07-05T16:18:08.419133,1,internvl,imagen,usps,OK,891.9,8,0,
2026-07-05T16:36:46.167989,1,internvl,imagen,cifar100,OK,1117.1,8,0,
2026-07-05T16:53:55.947514,1,internvl,imagen,cifar10,OK,1029.1,8,0,
2026-07-05T17:11:08.764178,1,internvl,imagen,fashionmnist,OK,1032.1,8,0,
2026-07-05T17:27:35.755135,1,internvl,imagen,mnist,OK,986.3,8,0,
